date,units_sold,revenue,marketing_spend,price,inventory_level,website_sessions,returns,holiday_flag
2024-12-30,185.19,3824.86,55.74,20.6,289.51,1121.8,10.51,1
2022-06-23,124.9,2527.85,41.76,20.26,301.2,915.19,11.05,0
2023-08-17,137.11,2726.66,41.72,19.85,296.38,1010.52,7.51,0
2024-08-26,163.52,3332.79,59.74,20.26,308.86,1140.81,9.44,0
2024-06-02,175.33,3396.75,59.29,19.36,309.55,1153.66,11.08,0
2025-10-01,175.13,3290.82,38.14,18.83,299.89,1051.44,9.84,0
2023-08-03,141.33,2840.24,65.23,20.11,293.76,969.26,9.41,0
2022-08-24,127.64,2455.69,44.51,19.11,292.66,1000.23,9.56,0
2022-07-08,125.45,2661.96,55.71,21.25,297.73,970.06,8.77,0
2025-06-27,178.29,3698.63,52.49,20.58,290.55,1019.85,7.64,0
2025-10-18,177.07,3475.23,66.02,19.67,306.43,987.88,10.55,0
2022-03-13,137.92,2785.87,65.12,20.35,296.25,1165.35,9.69,0
2023-04-23,155.87,3202.36,45.68,20.65,291.1,1080.06,9.81,0
2024-04-19,166.26,3381.87,46.85,20.2,297.46,,11.29,0
2025-11-04,180.69,3723.75,43.65,20.65,312.69,1065.35,12.12,0
2024-08-22,153.88,3029.95,56.98,19.81,294.43,879.54,10.57,0
2025-06-01,194.0,3887.76,42.08,20.08,302.2,1066.59,11.45,0
2022-05-23,135.7,2732.23,32.02,20.07,295.62,1149.38,8.49,0
2023-08-25,135.85,2728.8,47.47,19.94,312.25,998.02,9.18,0
2022-11-08,133.24,2679.24,62.93,20.24,309.0,1077.42,9.19,0
2025-02-21,184.01,3718.34,52.74,20.14,312.8,1031.33,9.46,0
2024-02-29,159.82,3280.83,51.21,20.34,294.58,946.39,9.84,0
2022-08-30,125.05,2608.46,51.51,20.74,298.3,1090.17,8.77,0
2024-07-14,163.27,3281.25,33.72,20.12,305.22,1059.17,9.91,0
2023-06-04,158.81,3111.07,63.27,19.83,293.84,1072.06,10.92,0
2022-05-18,137.67,2689.83,44.32,19.52,291.15,981.24,9.24,0
2022-10-15,124.08,2485.9,48.87,20.08,309.18,1065.19,7.82,0
2023-07-15,146.35,2931.37,42.79,20.11,297.83,1005.1,8.17,0
2024-07-15,166.8,3377.47,39.77,20.02,306.71,1070.66,7.79,0
2022-02-28,135.17,2869.83,47.59,21.13,296.88,1124.99,8.39,0
2023-10-03,148.14,2819.17,56.98,19.15,286.86,1016.32,8.31,0
2025-11-14,184.35,3661.57,66.7,19.77,289.65,1114.75,11.16,0
2024-04-28,175.56,3528.67,56.76,20.14,310.71,1128.2,8.44,0
2023-11-22,148.71,3157.18,48.2,21.15,298.93,941.63,12.11,1
2022-03-11,133.14,2641.17,56.28,19.84,306.08,1028.47,9.56,0
2023-10-26,139.07,2867.46,53.16,20.4,298.71,881.55,8.69,0
2024-08-02,154.7,3194.83,61.31,20.75,309.53,995.22,10.45,0
2024-01-02,160.38,3426.51,52.54,21.3,292.57,1071.38,7.95,0
2025-10-30,172.33,3355.44,50.12,19.69,295.18,934.73,10.94,0
2022-12-22,136.94,2653.21,36.33,19.53,292.81,896.47,10.76,1
2025-09-21,179.66,3610.21,60.43,20.11,288.46,1111.71,10.0,0
2025-02-19,183.92,3558.78,58.74,19.27,309.78,1005.11,8.41,0
2023-05-12,143.3,3086.01,42.73,21.47,284.64,1010.35,8.48,0
2024-11-05,163.8,3373.51,47.8,20.72,308.87,1109.99,7.53,0
2024-02-10,165.54,3351.21,44.88,20.32,307.31,1014.73,10.15,0
2024-01-05,154.78,3084.08,57.22,19.95,292.43,959.66,12.35,0
2022-05-26,126.88,2581.11,45.25,20.44,308.11,956.08,8.26,0
2023-04-06,145.25,2884.21,68.48,19.91,301.28,971.13,9.32,0
2022-02-15,130.16,2707.86,46.4,20.77,304.58,1075.93,7.81,0
2025-12-05,185.08,4036.87,39.65,21.79,293.75,976.22,8.77,1
2024-03-18,173.6,3327.92,41.73,19.41,292.58,1085.96,8.1,0
2022-04-12,142.61,2770.75,55.33,19.52,309.4,1077.62,8.83,0
2022-09-17,124.42,2524.38,46.44,20.21,300.66,1028.13,9.17,0
2023-05-04,151.15,2964.17,68.38,19.59,300.65,,8.99,0
2025-04-26,184.66,3698.9,53.97,20.1,305.16,1088.17,9.43,0
2023-06-11,151.96,3014.08,39.78,19.99,305.28,1061.43,10.45,0
2025-02-27,176.46,3641.8,47.45,20.63,294.21,917.74,9.26,0
2022-11-30,136.9,2675.39,52.49,19.6,294.42,1102.82,10.83,1
2022-01-15,121.84,2457.46,43.45,20.26,288.77,996.2,6.48,0
2024-03-14,158.67,3272.86,37.74,20.66,309.97,937.44,11.09,0
2024-09-05,151.94,2890.37,36.2,18.97,291.96,955.53,6.03,0
2022-05-24,134.58,2741.53,40.98,20.29,308.4,1011.98,10.52,0
2024-10-26,160.58,3229.41,54.4,19.99,297.47,1012.95,11.06,0
2025-07-24,178.17,3432.23,55.32,19.29,299.97,968.17,11.71,0
2023-11-26,162.34,3177.36,60.4,19.54,286.48,1152.35,12.36,1
2024-04-26,170.42,3425.49,60.96,20.14,311.6,1024.54,9.46,0
2024-10-03,151.09,2943.69,52.4,19.62,300.53,876.8,12.77,0
2022-03-10,135.53,2607.57,61.75,19.16,313.8,951.51,6.77,0
2024-05-29,162.13,3204.41,65.45,19.79,287.93,1028.55,9.93,0
2024-02-03,164.92,3253.21,53.59,19.74,301.37,1037.9,9.99,0
2023-09-07,139.49,2717.52,64.31,19.48,296.47,1097.97,9.75,0
2024-03-01,161.02,3330.59,60.81,20.82,301.69,946.29,12.99,0
2023-10-21,143.7,2876.03,46.92,19.92,308.05,969.85,10.19,0
2024-12-20,175.98,3578.63,59.34,20.39,291.38,994.9,8.78,1
2025-03-27,186.12,3722.9,64.39,20.05,307.79,974.78,11.08,0
2023-03-28,155.89,3237.64,56.85,20.74,308.37,1003.74,8.53,0
2025-12-19,191.63,3941.76,66.14,20.72,294.25,985.58,10.3,1
2023-09-04,145.29,2872.56,57.15,19.64,290.09,1097.42,9.03,0
2024-05-20,167.59,3411.37,49.12,20.36,301.54,1057.97,11.37,0
2023-11-14,147.05,2877.91,37.43,19.61,309.4,1056.46,8.99,0
2024-11-25,179.21,3503.77,57.66,19.68,307.37,1090.1,11.43,1
2022-09-06,129.97,2482.19,68.77,19.12,299.03,1068.16,7.51,0
2022-07-19,125.98,2624.3,36.85,21.01,293.85,1063.96,7.98,0
2024-02-01,153.29,3177.93,58.04,20.69,309.85,1004.76,11.0,0
2022-03-07,137.75,2795.87,65.44,20.36,308.56,1149.58,9.38,0
2024-11-29,168.39,3383.59,45.37,20.15,293.98,919.76,12.0,1
2024-08-06,167.08,3190.19,43.89,19.05,296.36,1059.63,8.78,0
2024-10-25,155.98,3024.76,63.01,19.45,307.79,966.92,10.53,0
2025-09-26,168.74,3531.22,58.06,20.9,304.86,991.99,11.02,0
2022-10-08,130.73,2624.88,59.23,19.93,301.33,1028.53,7.93,0
2025-06-09,184.64,3675.9,35.29,19.86,293.84,1092.64,10.06,0
2022-12-02,141.35,2793.71,57.92,19.66,287.73,1012.71,6.76,1
2025-07-29,177.58,3619.08,45.51,20.47,310.52,1020.39,9.78,0
2022-09-21,118.27,2253.38,34.93,19.14,314.46,937.53,9.96,0
2023-07-06,145.29,2902.96,56.65,20.08,291.16,948.94,7.91,0
2023-05-20,148.32,2994.22,37.24,20.04,309.12,1094.17,7.14,0
2024-05-31,170.0,3396.07,54.78,19.98,303.43,1028.92,10.77,0
2024-04-24,162.05,3523.44,58.26,21.73,301.76,1028.53,9.19,0
2022-12-23,138.92,2778.73,42.48,19.93,292.87,999.49,9.34,1
2024-12-24,184.18,3739.11,58.65,20.35,304.84,1096.9,10.11,1
2025-04-18,185.37,3690.51,58.59,19.97,299.9,958.56,9.84,0
2025-09-23,179.15,3626.01,60.33,20.47,308.31,1012.21,9.2,0
2023-12-22,158.31,3175.48,51.54,20.07,294.06,981.81,9.58,1
2022-12-28,151.96,2939.16,59.74,19.42,307.73,1077.26,8.32,1
2025-04-12,188.21,3773.58,46.88,20.07,287.29,1113.52,12.92,0
2024-09-22,164.08,3266.23,57.25,19.98,295.29,1132.7,11.67,0
2025-12-28,200.76,4073.04,47.84,20.26,288.87,1115.15,9.6,1
2023-07-05,144.19,2905.73,59.09,20.18,300.31,1057.46,8.3,0
2022-07-24,126.61,2497.71,33.6,19.77,296.15,1126.18,8.2,0
2022-09-14,118.17,2414.56,54.26,20.56,298.24,895.4,7.19,0
2022-06-07,134.19,2724.44,62.31,20.32,292.04,1042.95,7.61,0
2024-01-28,165.73,3522.24,60.87,21.06,293.03,1088.28,8.17,0
2025-01-30,177.12,3531.98,44.27,19.86,324.89,948.34,9.39,0
2025-02-13,177.19,3461.09,51.43,19.64,299.2,993.28,10.54,0
2023-01-03,143.31,2934.47,60.01,20.45,304.74,1126.87,9.7,0
2025-07-20,177.65,3473.92,64.11,19.48,294.34,1093.89,9.42,0
2023-12-13,153.65,3002.34,40.01,,301.99,992.69,8.73,1
2023-07-04,150.05,2954.57,56.49,19.84,301.99,1141.28,8.3,0
2025-06-02,185.18,3904.19,45.29,21.02,295.45,1148.82,10.56,0
2024-09-04,161.81,3131.85,33.81,19.34,295.81,990.49,10.82,0
2023-08-04,139.9,2810.37,60.35,20.05,300.27,998.1,9.77,0
2023-05-10,151.11,3150.15,59.69,21.04,297.44,1030.33,7.33,0
2023-03-29,146.9,3025.55,49.14,20.69,285.2,1008.32,12.19,0
2024-07-21,170.06,3338.15,46.83,19.52,293.1,1089.6,8.92,0
2024-06-10,173.68,3425.52,43.03,19.88,298.11,1096.02,10.98,0
2024-09-21,155.58,3182.93,52.42,20.59,291.87,951.96,10.91,0
2024-10-20,164.08,3272.05,66.59,20.0,311.95,1054.56,9.99,0
2023-04-22,156.55,3160.01,45.45,20.19,306.02,1030.7,10.91,0
2022-10-06,118.26,2395.35,60.29,20.29,296.41,958.91,10.18,0
2023-06-25,156.12,3091.95,54.18,19.73,300.94,1162.46,11.44,0
2024-11-19,164.38,3376.17,57.18,20.44,294.68,1078.17,9.25,0
2024-03-27,172.85,3438.91,60.85,20.03,290.17,1050.99,8.77,0
2022-08-19,124.43,2509.38,37.69,20.03,282.56,947.11,7.44,0
2022-07-21,121.64,2381.47,43.29,19.54,300.32,949.11,8.9,0
2024-07-29,168.92,3479.84,52.26,20.46,299.96,1128.21,8.45,0
2025-07-22,184.59,3627.38,61.28,19.76,280.95,1070.06,11.04,0
2025-11-30,194.75,3956.66,41.18,20.27,302.76,1104.25,8.96,1
2025-01-05,173.62,3445.5,46.33,19.82,288.89,1101.08,7.37,0
2024-04-29,178.91,3491.34,56.86,19.48,299.49,1081.24,11.48,0
2022-11-15,128.03,2483.44,45.74,19.24,295.37,1013.5,7.96,0
2023-06-20,150.76,3099.81,41.58,20.48,289.74,1122.02,9.45,0
2023-04-30,163.07,3189.82,53.65,19.64,311.7,1104.01,11.25,0
2023-10-22,141.13,2989.7,47.2,21.18,305.52,1093.49,8.56,0
2025-05-24,186.8,3753.4,67.65,20.15,300.41,1016.52,10.68,0
2025-10-13,179.37,3620.9,49.64,20.2,306.69,1121.99,9.04,0
2022-11-05,127.14,2601.64,62.68,20.22,302.19,1059.87,8.34,0
2022-01-18,130.96,2619.13,47.5,20.13,291.17,1092.21,8.38,0
2022-08-28,128.39,2596.35,52.18,20.36,300.26,1068.8,10.12,0
2025-09-13,175.27,3633.79,43.07,20.7,291.05,1011.49,9.83,0
2024-12-01,175.77,3570.83,44.4,20.38,304.71,1110.87,9.81,1
2025-09-27,179.53,3664.57,49.21,20.5,309.11,1038.65,11.73,0
2023-02-23,145.47,2803.04,51.83,19.29,299.53,961.17,9.38,0
2023-11-29,147.13,2950.28,53.69,20.03,298.9,968.5,9.21,1
2024-12-27,178.37,3656.34,57.25,20.53,298.72,976.46,11.46,1
2023-04-14,144.66,3055.64,41.47,21.0,295.24,1072.59,9.87,0
2023-04-11,156.59,3059.51,48.9,19.48,308.47,1051.35,10.77,0
2023-02-26,156.23,3087.22,60.86,19.72,309.85,1100.72,8.14,0
2022-02-03,123.05,2602.88,50.59,21.01,304.01,972.96,8.71,0
2023-11-16,140.74,2841.14,34.38,20.21,302.93,1013.81,9.92,0
2023-06-28,145.65,2747.13,63.09,18.76,298.45,997.82,8.59,0
2025-05-26,186.98,3805.33,56.41,20.41,291.45,1191.76,10.71,0
2025-07-13,182.21,3818.24,37.16,20.92,299.24,1066.63,10.35,0
2024-04-22,173.16,3526.88,48.45,20.49,306.06,,12.19,0
2024-04-04,167.24,3323.39,49.85,19.79,294.55,941.65,10.35,0
2024-03-09,165.3,3326.29,44.26,20.08,301.27,1017.56,7.71,0
2025-08-10,181.13,3680.98,42.6,20.19,293.06,1095.6,10.09,0
2024-01-16,159.37,3344.46,37.71,21.08,311.54,1070.86,8.48,0
2025-07-14,185.48,3895.39,51.94,21.02,304.79,1232.52,10.33,0
2024-12-14,180.39,3605.21,53.44,20.02,290.12,1069.14,11.9,1
2024-01-26,166.22,3288.98,71.82,19.61,291.1,967.22,10.11,0
2023-01-23,148.27,2973.48,53.5,20.0,306.47,1121.4,11.24,0
2025-01-18,182.44,3865.84,58.36,21.05,299.27,1041.54,9.81,0
2022-04-04,137.53,2657.2,54.24,19.52,299.76,1102.94,9.58,0
2025-11-20,192.28,3792.37,62.05,19.5,298.68,955.22,10.6,1
2025-01-23,176.57,3594.7,60.95,20.31,296.53,992.09,9.25,0
2025-04-15,195.38,3735.05,50.63,19.15,305.75,1090.86,10.49,0
2023-11-28,163.94,3176.56,61.14,19.39,299.56,1142.75,9.31,1
2025-02-03,189.14,3790.73,44.21,20.1,303.56,1138.87,10.33,0
2024-08-29,154.75,3146.61,54.03,20.38,286.08,943.64,12.59,0
2024-07-09,161.88,3068.43,46.71,19.13,305.87,1094.22,9.28,0
2024-05-12,172.34,3511.97,47.79,20.45,307.49,1100.25,11.04,0
2025-06-19,180.17,3760.91,51.59,20.8,303.7,1021.19,9.54,0
2024-09-30,167.19,3309.94,50.83,19.96,304.45,1172.7,9.25,0
2024-07-19,156.0,3097.62,47.22,19.85,307.78,982.77,10.63,0
2023-04-18,163.16,3164.12,32.48,19.47,307.13,1154.44,8.67,0
2025-12-08,204.87,3994.68,52.16,19.49,297.61,1121.07,11.3,1
2024-07-20,167.88,3266.25,61.48,19.4,290.88,1022.92,11.13,0
2022-11-20,142.51,2877.1,50.52,20.25,311.1,1159.24,7.35,1
2022-12-16,141.37,2783.07,41.5,19.59,297.23,928.81,10.54,1
2025-07-10,176.8,3375.36,33.39,19.15,302.47,1002.07,8.34,0
2022-12-21,140.01,2785.73,40.39,20.13,299.41,998.97,8.19,1
2025-11-29,195.07,3926.29,43.02,20.15,292.48,1092.09,8.6,1
2025-05-15,185.66,3592.52,47.21,19.51,300.52,963.5,11.42,0
2024-02-11,167.92,3277.83,37.68,19.43,303.87,1057.92,9.94,0
2023-12-19,165.58,3530.38,44.87,21.3,296.27,1111.76,7.79,1
2023-02-10,145.09,2930.99,53.11,20.2,304.46,896.33,9.75,0
2023-10-29,153.86,3108.15,58.24,20.23,315.05,1101.67,10.39,0
2025-09-06,176.66,3397.26,45.24,19.29,309.35,1026.97,8.95,0
2022-01-19,120.96,2438.84,39.58,20.31,301.28,1039.83,8.92,0
2023-01-06,133.77,2713.93,58.78,20.31,307.66,968.2,8.12,0
2022-07-03,131.84,2617.69,58.29,19.79,308.64,1143.28,9.26,0
2025-12-22,204.71,3913.3,65.94,19.32,298.34,1138.12,10.54,1
2025-05-29,182.28,3664.31,48.83,20.03,305.82,999.17,10.09,0
2025-04-09,175.98,3649.44,32.52,20.83,290.94,999.04,11.56,0
2022-07-01,127.47,2520.53,47.79,19.75,308.9,1007.36,10.3,0
2025-01-09,170.5,3316.46,46.03,19.45,302.92,975.96,10.07,0
2023-10-14,144.05,2889.13,46.12,20.02,298.69,1065.53,9.27,0
2022-07-17,136.34,2698.12,46.7,19.81,303.46,1108.29,9.99,0
2022-09-30,125.47,2533.08,59.88,20.1,286.09,1071.56,8.73,0
2024-08-07,156.86,3111.04,43.79,19.84,303.42,1010.56,9.84,0
2023-01-10,145.57,2861.5,62.85,19.66,302.45,1136.22,8.32,0
2024-02-16,152.81,3042.87,38.93,19.84,297.99,923.39,10.95,0
2025-08-25,186.47,3727.09,54.81,20.02,296.7,1104.81,9.23,0
2025-02-05,179.99,3504.94,42.6,19.5,298.7,1047.19,10.59,0
2024-08-23,152.97,3078.65,65.86,20.01,307.03,910.19,7.82,0
2025-09-15,182.64,3698.53,,20.34,292.92,1148.91,10.56,0
2023-04-16,160.04,3205.83,39.96,19.98,299.56,1100.47,10.52,0
2022-08-01,133.44,2681.08,58.84,20.02,295.55,1131.39,8.71,0
2024-07-12,159.46,3161.06,36.55,19.8,311.44,961.54,9.49,0
2025-06-06,188.49,3694.47,30.09,19.66,294.25,989.8,13.23,0
2023-06-14,150.94,2978.62,38.05,19.83,294.94,1028.81,9.79,0
2023-05-08,160.52,3272.61,56.26,20.13,292.0,1082.43,9.43,0
2024-02-19,172.02,3378.5,51.02,19.65,306.24,1115.14,8.41,0
2022-02-16,125.55,2621.35,45.62,,296.68,982.47,8.92,0
2025-11-27,182.73,3700.84,58.2,20.16,301.97,959.34,10.32,1
2022-08-15,130.86,2676.62,48.24,20.47,306.94,1083.03,9.67,0
2023-05-19,151.03,3014.9,42.87,20.01,312.86,940.88,11.5,0
2022-11-04,122.35,2448.86,56.99,19.83,306.24,979.73,7.7,0
2025-11-16,196.1,3894.4,63.3,19.84,295.02,1133.59,10.51,0
2022-11-02,125.8,2556.16,59.25,20.38,315.5,954.94,9.06,0
2025-01-06,180.38,3472.08,26.01,19.24,307.17,1003.43,12.87,0
2025-08-28,169.09,3489.62,48.31,20.62,300.55,982.9,12.01,0
2022-01-22,121.62,2511.9,39.36,20.69,301.33,1026.48,10.06,0
2024-11-17,167.64,3426.05,54.06,20.44,298.05,1133.31,9.96,0
2023-09-12,143.14,2938.11,43.69,20.49,306.23,997.84,8.91,0
2025-07-03,175.43,3608.05,41.02,20.56,290.99,955.12,9.94,0
2024-02-22,166.09,3143.56,55.97,18.98,303.86,1005.73,9.66,0
2022-09-04,131.05,2654.32,57.14,20.54,307.03,1125.27,11.23,0
2025-08-07,170.43,3350.25,40.54,19.5,301.0,924.63,12.01,0
2024-07-17,154.27,3220.96,53.76,20.9,301.55,1057.65,8.93,0
2024-06-28,165.21,3280.35,70.33,19.72,299.3,933.87,9.35,0
2025-04-13,194.53,3915.22,47.05,20.0,291.65,1141.11,10.52,0
2024-11-03,164.34,3359.12,38.61,20.53,294.65,1094.79,13.03,0
2022-03-12,136.42,2623.7,60.47,19.29,300.43,1060.24,11.46,0
2023-02-07,153.38,2889.72,55.9,18.81,311.33,1067.21,9.54,0
2025-08-05,186.71,3532.87,47.01,18.89,285.92,1093.27,11.47,0
2024-08-10,163.88,3226.46,33.8,19.63,290.86,1007.12,10.19,0
2025-08-26,177.74,3630.36,61.52,20.47,299.74,1101.95,10.94,0
2022-10-14,121.26,2474.8,47.16,20.42,313.01,976.61,9.37,0
2022-01-21,120.08,2419.13,48.67,20.07,303.84,990.33,9.45,0
2023-06-30,146.66,2887.09,54.68,19.78,308.79,929.57,11.8,0
2024-02-08,153.96,3093.44,40.99,20.01,307.9,920.71,8.67,0
2024-01-03,154.33,3078.73,57.92,19.94,296.19,1032.4,7.95,0
2024-12-12,171.47,3417.18,34.79,19.98,302.25,941.7,10.51,1
2023-07-26,142.92,2812.73,60.46,19.7,294.32,1026.73,8.58,0
2023-08-06,146.92,2924.63,59.04,19.84,301.69,1100.35,7.42,0
2025-07-02,176.55,3665.03,45.08,20.83,296.76,964.46,11.05,0
2023-02-22,151.12,2852.04,44.7,18.84,304.31,1021.33,9.73,0
2022-05-09,144.19,2928.19,60.44,20.43,296.47,1168.66,8.22,0
2025-10-27,182.86,3530.59,50.92,19.32,298.77,1119.9,12.4,0
2022-03-26,137.22,2798.07,36.45,20.19,310.52,1045.86,10.12,0
2025-11-03,183.67,3779.82,45.98,20.66,300.13,1138.43,11.0,0
2023-03-08,150.32,2928.13,47.24,19.34,297.99,1015.37,12.76,0
2022-10-11,131.17,2652.04,47.88,20.12,302.41,1047.35,9.41,0
2022-09-26,128.53,2715.0,43.73,21.13,302.24,1138.04,10.64,0
2024-08-03,164.27,3210.23,44.65,19.48,317.92,1054.74,9.44,0
2025-09-17,169.78,3338.24,45.71,19.71,286.2,976.73,12.86,0
2025-08-20,177.28,3412.12,59.22,19.33,306.13,1016.15,12.14,0
2023-01-21,140.16,2877.62,42.09,20.51,310.17,1074.85,9.7,0
2024-05-07,171.97,3498.11,48.29,20.26,293.01,1069.26,11.11,0
2022-01-08,124.72,2444.51,63.78,19.52,312.38,1071.62,9.01,0
2022-10-01,122.2,2482.93,55.93,20.32,282.25,1032.13,7.99,0
2025-09-04,165.46,3176.98,42.24,19.21,304.34,907.21,9.7,0
2024-03-06,167.15,3308.76,55.27,19.87,305.85,1004.51,7.14,0
2023-04-10,158.47,3172.28,51.52,20.02,302.71,1098.03,11.15,0
2025-12-30,200.69,4067.77,45.93,20.2,298.59,1011.72,10.94,1
2022-04-13,130.34,2717.12,54.16,20.84,293.48,944.83,9.75,0
2025-04-25,184.95,3807.32,52.44,20.45,306.42,994.71,10.83,0
2024-05-28,174.82,3361.77,59.86,19.25,286.97,1051.44,10.41,0
2022-02-17,126.49,2593.96,51.22,20.43,308.09,891.73,8.19,0
2022-12-30,144.33,2879.99,57.89,19.85,315.49,989.31,9.33,1
2022-07-05,132.3,2682.41,62.23,20.41,311.43,1142.58,8.65,0
2022-06-21,129.2,2647.37,36.41,20.23,300.05,1060.66,6.18,0
2022-11-29,142.85,2827.3,54.45,19.78,297.5,1076.75,8.85,1
2023-09-05,142.39,2783.7,57.28,19.59,307.87,1078.57,8.72,0
2024-02-24,166.56,3343.54,60.23,20.04,304.46,1042.16,9.37,0
2024-01-06,151.29,3071.41,52.36,20.17,279.48,978.59,9.3,0
2022-03-03,125.41,2550.93,51.15,20.3,304.2,885.46,10.84,0
2023-08-27,146.02,2973.22,62.66,20.32,299.43,1103.83,10.31,0
2023-03-13,156.07,3274.92,56.06,21.03,295.14,1111.67,9.51,0
2025-03-23,188.04,3751.49,59.45,19.8,293.96,1068.29,12.94,0
2024-11-06,159.9,3340.24,49.76,20.87,300.3,1001.45,10.2,0
2022-10-13,112.8,2327.21,40.24,20.78,312.98,919.95,7.37,0
2022-07-14,128.75,2516.28,52.95,19.49,291.23,1037.18,8.65,0
2023-12-01,155.73,2992.9,58.59,19.34,299.64,987.7,11.21,1
2025-09-29,179.93,3592.57,41.27,19.99,310.11,1109.2,10.32,0
2024-08-27,154.92,3206.82,52.36,20.71,305.97,1083.3,8.3,0
2024-04-07,172.5,3463.27,43.32,19.98,297.63,1101.49,10.51,0
2023-05-03,149.79,2970.54,54.54,19.96,318.75,1131.99,8.38,0
2024-09-26,152.25,3104.58,62.37,20.42,298.87,935.55,10.57,0
2023-12-21,160.72,3284.49,47.64,20.31,296.43,970.05,6.06,1
2024-08-12,162.41,3324.4,40.08,20.5,298.09,1078.0,10.19,0
2025-07-28,188.06,3889.78,54.76,20.72,318.82,1101.9,9.72,0
2023-02-03,146.79,2996.99,59.37,20.32,296.47,996.61,10.6,0
2025-04-22,191.61,3976.97,56.63,20.71,316.41,1057.89,11.03,0
2023-01-01,141.9,2837.0,56.65,19.78,306.73,1073.14,10.16,0
2025-08-22,177.54,3578.59,62.51,20.02,303.74,1021.73,8.99,0
2024-09-13,157.38,3150.79,50.09,20.12,311.12,1041.08,12.37,0
2022-05-08,140.36,2775.11,57.11,19.89,313.66,1060.76,9.76,0
2024-07-04,160.71,3233.12,51.4,20.25,294.28,990.97,7.84,0
2025-06-04,183.26,3850.84,42.99,21.1,297.09,1011.62,10.72,0
2022-06-19,137.68,2809.41,38.8,20.41,307.03,1128.5,9.02,0
2022-04-30,131.19,2640.82,51.68,20.08,298.47,978.0,6.78,0
2025-03-30,189.94,3710.98,47.13,19.47,305.84,1127.92,9.83,0
2025-07-01,180.49,3811.81,47.9,21.11,296.95,1070.84,8.47,0
2025-03-10,195.36,3905.66,45.6,20.05,312.77,1133.24,10.18,0
2025-01-28,179.47,3738.79,48.35,20.93,303.98,1031.34,8.25,0
2025-12-15,203.63,4208.7,59.43,20.69,304.45,1126.91,10.74,1
2024-08-31,154.2,3103.97,50.8,20.09,299.54,975.36,8.59,0
2025-08-24,184.62,3706.58,63.53,20.05,290.98,1129.15,12.07,0
2022-07-20,125.09,2551.38,43.13,20.44,302.95,1031.15,6.06,0
2024-09-15,159.51,3104.6,44.83,19.51,296.21,1053.39,12.41,0
2024-10-12,161.14,3224.04,42.33,19.91,284.0,958.15,7.42,0
2022-11-12,124.93,2492.15,50.11,19.76,284.47,1045.14,7.79,0
2022-05-27,128.35,2674.94,36.38,20.87,308.96,944.52,9.42,0
2023-11-09,141.43,2815.01,54.69,19.9,292.16,953.55,9.16,0
2023-01-05,130.34,2686.77,55.65,20.67,287.55,957.09,7.9,0
2025-10-24,175.0,3561.03,65.94,20.31,292.84,938.1,8.57,0
2022-05-22,137.67,2724.68,47.03,19.96,299.3,1147.37,10.06,0
2023-10-25,146.12,2948.56,53.9,20.38,305.13,1051.26,8.93,0
2023-03-30,146.25,2870.59,58.4,19.67,287.38,949.98,7.7,0
2024-01-07,161.8,3204.68,49.2,19.79,293.35,1134.58,9.63,0
2022-03-09,134.34,2609.23,64.96,19.32,320.94,997.46,8.56,0
2025-08-12,174.77,3644.45,46.99,20.84,302.88,1074.63,11.47,0
2025-11-24,198.33,3702.9,49.87,18.51,306.64,1025.72,11.45,1
2024-10-05,160.21,3186.23,49.37,19.92,308.73,1045.96,8.79,0
2022-03-24,132.35,2563.62,47.44,19.43,308.04,913.7,9.35,0
2024-08-14,154.19,3181.57,44.28,20.62,283.2,1031.55,11.69,0
2025-06-11,184.1,3549.61,46.22,19.28,291.47,1033.72,11.64,0
2022-01-16,127.02,2576.06,47.19,20.17,290.62,1143.5,9.57,0
2022-06-08,128.19,2668.46,53.99,20.95,302.5,1086.29,7.46,0
2024-06-26,166.01,3141.19,63.68,19.07,309.36,1079.18,9.04,0
2024-12-25,181.29,3431.29,58.53,18.88,294.04,997.18,9.43,1
2024-08-19,166.85,3235.89,58.72,19.52,297.13,1111.79,11.01,0
2023-05-24,143.04,2985.68,46.18,20.94,307.5,953.46,8.81,0
2024-05-11,165.2,3370.32,32.91,20.18,295.44,1065.21,12.05,0
2024-03-25,176.81,3550.54,62.59,19.96,289.64,1114.59,10.32,0
2025-12-04,185.15,3817.53,37.14,20.59,297.82,919.13,12.33,1
2023-11-07,147.53,3024.73,46.11,20.53,298.04,1066.06,8.31,0
2023-06-29,145.85,2901.26,45.07,19.69,305.14,967.61,8.98,0
2025-07-12,182.39,3616.35,40.42,19.92,303.16,1034.17,10.63,0
2023-02-16,134.13,2710.56,34.87,20.27,300.97,943.89,8.17,0
2025-06-24,191.57,3862.58,64.12,20.19,307.7,1131.13,11.23,0
2022-04-10,135.91,2765.6,58.34,20.21,294.75,1075.41,8.15,0
2022-11-25,133.01,2778.67,49.05,20.75,308.32,1000.4,9.84,1
2025-11-11,187.43,3690.51,56.64,19.7,304.53,1085.6,11.3,0
2023-05-28,163.06,3231.62,52.87,19.86,308.93,1104.45,8.82,0
2022-03-25,131.59,2581.61,37.46,19.54,298.46,1001.43,9.47,0
2022-01-03,136.52,2738.15,57.31,20.05,305.25,1107.66,10.82,0
2023-04-08,151.74,3022.72,52.38,20.1,311.34,1063.14,7.48,0
2023-10-27,136.31,2798.55,53.87,20.44,303.43,979.67,10.45,0
2024-08-25,161.4,3316.93,68.95,20.67,311.57,1142.26,9.2,0
2024-09-17,164.36,3163.99,51.04,19.18,306.06,1072.83,11.16,0
2024-09-30,167.19,3309.94,50.83,19.96,304.45,1172.7,9.25,0
2022-08-04,123.66,2602.37,62.46,20.88,285.87,988.84,9.89,0
2025-04-29,199.07,3721.41,50.6,18.73,292.06,1064.13,12.33,0
2024-03-13,166.35,3369.18,40.54,20.06,300.97,919.52,10.97,0
2022-03-22,131.26,2649.05,40.24,20.22,297.52,1113.42,9.31,0
2022-02-07,139.37,2799.58,50.15,20.02,286.89,1172.9,10.2,0
2025-10-08,175.74,3705.47,39.22,21.14,286.48,1030.8,10.4,0
2023-02-24,145.16,2926.76,48.26,20.17,296.07,920.24,11.32,0
2023-07-02,153.0,3132.29,58.93,20.48,305.16,1153.55,10.02,0
2025-12-17,186.92,3755.03,56.87,20.04,303.57,1065.27,11.26,1
2022-07-02,132.81,2685.23,48.71,20.18,300.32,1016.14,9.54,0
2024-01-19,159.95,3236.72,42.88,20.22,310.88,1005.51,9.21,0
2025-10-21,183.87,3742.61,55.74,20.27,292.0,1107.21,10.47,0
2022-03-08,139.48,2800.35,59.15,20.13,300.83,1141.9,9.25,0
2023-05-14,156.38,3093.58,39.74,19.87,291.65,1149.3,9.92,0
2024-07-05,164.28,3248.83,50.96,19.69,286.58,989.37,11.09,0
2025-03-02,192.23,3783.34,44.48,19.82,290.06,1136.23,8.17,0
2023-12-29,157.78,3100.16,61.68,19.61,303.89,967.57,11.43,1
2023-08-22,141.22,2783.24,43.71,19.59,298.31,1105.16,7.83,0
2022-06-22,132.78,2782.19,39.67,20.9,290.11,985.01,9.22,0
2023-06-10,147.77,3003.36,40.98,20.29,303.17,1043.49,9.2,0
2025-05-14,192.73,3701.87,58.97,19.11,309.24,1054.01,12.3,0
2022-11-27,145.31,2862.51,49.94,19.83,303.83,1116.78,8.86,1
2023-08-01,145.02,2976.35,63.8,20.48,291.39,1073.0,10.89,0
2024-06-30,163.97,3349.27,58.53,20.28,288.99,1162.28,11.7,0
2023-09-18,144.09,2818.9,38.78,19.41,316.8,1079.65,10.05,0
2025-02-22,188.3,3871.89,67.92,20.51,308.13,1024.37,9.9,0
2025-07-18,177.11,3550.78,57.84,20.04,303.53,1037.53,10.73,0
2022-08-21,125.34,2401.78,40.28,19.24,289.07,1082.39,6.22,0
2025-06-17,184.09,3914.81,51.27,21.27,308.63,1051.43,11.06,0
2024-04-25,164.86,3411.22,61.12,20.63,315.82,994.91,10.51,0
2023-12-23,164.18,3289.66,43.53,19.93,302.26,1050.83,8.56,1
2024-02-27,172.28,3513.17,62.24,20.41,306.71,1096.9,10.04,0
2023-09-17,148.87,2870.67,48.46,19.29,311.73,1120.82,7.68,0
2023-02-05,147.97,2956.43,50.69,20.11,290.71,1063.96,9.08,0
2023-04-27,143.18,2920.2,47.3,20.5,301.88,956.81,9.42,0
2025-12-14,203.5,3980.35,49.39,19.61,319.06,1097.7,8.76,1
2024-05-21,173.1,3463.74,48.09,19.88,296.08,1040.47,12.11,0
2023-03-25,152.8,3055.42,43.36,20.06,304.24,987.24,8.71,0
2024-03-10,169.42,3456.27,42.72,20.39,307.75,1088.69,8.69,0
2025-02-09,179.27,3586.43,46.16,19.97,294.69,1049.89,9.42,0
2022-09-28,122.39,2490.86,57.21,20.35,313.69,1035.99,6.99,0
2023-12-06,157.27,3164.43,44.3,20.08,302.6,1020.93,10.96,1
2023-08-14,146.31,2942.5,41.7,20.04,310.27,1027.92,8.73,0
2023-09-20,139.98,2705.6,43.49,19.33,306.26,1064.02,8.99,0
2025-01-26,186.35,3758.53,63.37,20.2,304.27,1093.9,11.59,0
2022-07-21,121.64,2381.47,43.29,19.54,300.32,949.11,8.9,0
2022-09-23,116.02,2266.71,35.1,19.57,313.36,900.87,7.18,0
2023-10-12,139.38,2798.46,46.05,20.17,310.34,988.09,10.8,0
2025-01-29,177.14,3603.52,60.25,20.24,311.81,912.22,9.67,0
2023-02-04,150.16,2994.11,65.7,19.95,292.1,984.93,8.59,0
2024-08-01,151.68,3178.35,53.57,21.06,302.1,944.15,13.6,0
2022-10-07,122.71,2400.14,57.58,19.74,300.08,960.9,9.48,0
2022-10-29,125.66,2525.66,49.28,20.03,306.64,997.94,7.69,0
2025-04-27,192.09,3743.58,52.29,19.57,294.63,1034.66,12.31,0
2024-12-22,184.52,3619.08,64.66,19.56,304.68,1119.27,10.4,1
2022-01-29,126.78,2582.19,42.93,20.51,311.94,1031.9,10.48,0
2022-05-10,132.02,2678.72,56.99,20.06,298.22,1056.74,8.42,0
2022-08-29,128.43,2640.93,46.04,20.59,297.25,1145.7,9.42,0
2023-06-17,149.14,3026.95,39.72,20.28,277.72,1040.24,9.38,0
2023-09-01,134.29,2752.47,51.05,20.59,313.69,1005.62,9.68,0
2025-07-23,174.4,3446.03,61.12,19.76,302.6,973.91,10.97,0
2023-04-01,153.65,3021.79,54.7,19.68,286.21,1097.79,11.19,0
2024-04-17,169.98,3355.35,39.13,19.77,293.39,1067.98,8.36,0
2024-03-21,164.1,3161.74,49.07,19.41,287.89,937.61,9.73,0
2024-08-04,162.86,3256.67,40.29,20.11,308.45,1024.91,8.62,0
2023-07-11,150.99,2826.71,45.48,18.71,299.31,1015.09,9.71,0
2025-11-08,177.69,3597.21,51.63,20.21,304.06,976.28,8.93,0
2023-05-18,144.12,2890.03,33.06,19.87,294.05,929.49,11.39,0
2022-05-07,139.66,2758.74,54.56,19.85,310.16,1040.87,7.48,0
2024-05-27,180.71,3545.01,61.06,19.61,287.43,1176.95,10.42,0
2022-12-14,137.5,2591.16,38.9,18.88,310.35,948.85,9.05,1
2024-12-15,181.47,3613.61,52.17,19.93,297.34,1147.89,10.59,1
2023-12-03,162.81,3295.98,62.68,20.42,302.75,1150.94,10.01,1
2024-07-18,154.69,3028.17,47.59,19.65,305.43,927.88,10.91,0
2023-07-19,140.06,2900.94,46.5,20.56,316.79,949.1,10.07,0
2023-08-10,137.65,2683.5,45.62,19.61,310.61,1016.62,10.4,0
2023-01-27,143.93,2787.3,54.54,19.31,291.44,888.27,10.56,0
2025-06-14,188.57,3736.88,52.79,19.8,294.92,1096.6,10.68,0
2022-04-27,128.14,2699.75,42.39,20.95,286.62,951.44,8.83,0
2022-04-15,126.92,2567.45,51.27,20.1,308.75,955.35,10.22,0
2025-04-05,191.07,3943.31,41.87,20.61,309.35,1018.51,11.62,0
2024-01-27,159.46,3199.26,61.98,19.97,299.54,1023.22,9.96,0
2023-01-15,150.41,3007.54,38.53,20.17,291.9,1120.25,10.71,0
2024-09-07,159.53,3276.97,45.27,20.55,310.01,999.11,10.92,0
2025-06-30,186.85,3831.78,59.52,20.53,274.35,1098.75,9.86,0
2025-05-23,180.23,3757.38,62.79,20.75,295.37,916.51,10.4,0
2025-02-10,181.62,3701.98,48.52,20.48,298.16,1056.69,12.13,0
2022-12-18,145.96,3055.95,47.87,20.86,301.85,1112.48,11.2,1
2022-10-21,120.09,2417.53,44.3,19.99,304.22,1000.61,9.8,0
2023-06-26,158.66,3066.54,46.43,19.29,308.61,1133.03,8.69,0
2024-08-24,162.22,3259.44,56.13,19.98,308.47,1046.26,11.14,0
2023-12-07,156.16,3157.25,53.03,20.07,312.58,967.81,9.34,1
2024-07-06,164.07,3242.67,46.87,19.83,291.67,1029.15,10.58,0
2024-09-29,166.1,3214.33,56.18,19.29,303.13,1108.42,12.28,0
2022-04-02,139.34,2739.88,56.92,19.65,289.15,1079.37,10.85,0
2023-04-25,158.96,3264.77,53.52,20.61,300.95,1050.05,10.0,0
2022-12-03,145.13,2867.4,55.38,19.68,299.51,1048.78,9.46,1
2022-01-24,127.75,2505.95,32.93,19.7,299.59,1099.73,7.18,0
2023-12-10,162.51,3213.35,33.71,19.97,308.28,1061.29,9.81,1
2023-11-13,151.67,2976.36,34.84,19.68,302.48,1135.62,9.81,0
2024-06-04,176.18,3585.81,59.23,20.3,296.19,1028.66,11.01,0
2025-05-21,188.63,3756.61,67.9,19.96,288.49,1013.45,9.02,0
2022-04-01,137.01,2761.96,50.49,20.14,292.28,999.61,6.91,0
2024-03-30,166.02,3182.25,64.84,19.31,300.66,1057.85,9.58,0
2025-01-13,176.62,3589.64,42.81,20.3,309.88,1153.11,10.61,0
2025-08-13,173.11,3486.98,50.28,20.23,296.46,981.36,10.45,0
2023-05-21,152.86,3097.54,38.9,20.14,316.31,1102.77,10.28,0
2022-10-12,122.29,2523.48,62.74,20.58,302.97,1082.1,8.87,0
2022-04-20,135.46,2681.23,42.2,19.83,298.52,975.47,11.81,0
2023-08-24,141.05,2753.29,53.78,19.55,294.21,959.15,9.15,0
2025-03-21,185.01,3701.29,57.26,19.86,288.46,982.09,10.16,0
2025-02-17,197.69,3848.35,56.51,19.36,302.67,1167.94,9.99,0
2024-12-04,170.81,3454.76,41.78,20.04,294.57,1003.15,7.2,1
2023-02-12,150.29,2955.57,45.22,19.78,311.48,1088.1,9.21,0
2024-05-23,163.21,3382.56,52.22,20.75,291.57,947.29,10.8,0
2025-03-24,191.01,3922.42,55.0,20.55,286.3,1120.95,9.14,0
2025-10-16,176.59,3385.71,61.14,19.17,303.83,967.72,10.47,0
2023-07-08,143.49,2900.85,55.34,20.33,285.82,1044.4,5.88,0
2023-04-03,155.23,3010.49,54.77,19.54,289.16,1089.55,8.43,0
2023-06-08,138.08,2881.53,56.92,20.77,299.63,947.68,9.37,0
2024-09-12,149.89,3076.11,35.55,20.51,299.56,930.89,9.39,0
2023-02-08,147.58,2961.88,54.3,20.03,309.32,1037.97,8.56,0
2024-03-07,161.14,3141.32,47.72,19.44,291.3,960.81,9.02,0
2025-08-09,178.34,3553.68,37.24,19.9,301.11,1054.31,11.18,0
2023-07-23,143.82,2824.53,36.58,19.59,302.74,1141.93,8.23,0
2023-08-30,140.57,2863.42,55.64,20.43,296.62,1105.49,9.89,0
2024-04-06,172.89,3459.11,55.82,19.9,316.18,1047.15,10.89,0
2023-12-30,172.56,3477.92,57.25,20.24,307.15,1147.37,11.12,1
2023-07-30,147.03,2996.7,47.6,20.37,291.71,1098.57,7.83,0
2025-06-29,190.21,3816.7,50.71,20.08,282.61,1158.25,10.92,0
2025-12-25,191.78,3922.22,54.91,20.35,278.16,1023.71,12.51,1
2022-08-12,125.62,2419.27,46.0,19.31,309.29,960.45,6.99,0
2024-11-18,168.09,3393.97,56.54,20.29,297.43,1098.7,8.97,0
2022-08-02,131.15,2768.4,59.13,21.13,296.19,1070.92,6.08,0
2023-11-23,154.28,3147.96,57.88,20.4,299.9,976.34,10.02,1
2022-03-02,126.92,2613.57,47.6,20.72,304.39,1030.58,9.72,0
2023-07-12,141.99,2782.53,43.77,19.77,301.85,1023.8,7.56,0
2024-05-03,170.8,3414.78,60.01,20.05,296.36,929.55,10.65,0
2024-02-13,174.1,3477.94,44.92,20.0,291.64,1076.14,10.65,0
2022-03-19,136.3,2657.82,44.44,19.53,292.6,1083.09,8.71,0
2024-03-05,168.68,3311.06,46.67,19.66,311.85,997.93,10.26,0
2022-01-01,125.09,2455.8,52.48,19.51,298.83,1049.9,5.1,0
2023-01-24,145.8,2865.35,50.68,19.68,297.61,1036.27,9.18,0
2023-06-27,152.46,2959.47,56.72,19.39,305.75,1060.03,9.66,0
2023-03-16,147.45,3022.21,42.29,20.67,287.4,922.01,9.89,0
2025-07-16,176.79,3618.38,54.04,20.43,295.57,1009.32,11.56,0
2025-08-11,183.09,3777.4,42.89,20.58,284.25,1103.62,11.92,0
2024-01-14,161.48,3215.31,40.19,19.83,298.92,1083.75,8.29,0
2023-11-10,142.22,2813.26,48.8,19.63,290.35,1018.37,11.53,0
2025-04-14,192.54,3692.53,54.74,19.14,296.7,1187.53,9.13,0
2025-04-20,190.39,3924.18,58.86,20.56,318.79,1157.08,10.72,0
2025-04-16,186.11,3675.86,49.93,19.75,303.72,1051.94,11.84,0
2025-11-19,183.19,3729.84,67.59,20.41,300.94,1009.83,10.88,0
2025-03-17,194.63,3844.79,53.49,19.69,298.86,1118.24,11.02,0
2022-10-05,125.08,2460.8,56.94,19.89,296.15,1070.12,8.72,0
2024-11-21,164.38,3363.4,55.3,20.43,300.68,979.92,10.72,1
2022-11-19,131.2,2661.85,35.96,20.3,303.67,1023.62,9.53,0
2023-05-06,153.51,3135.13,58.62,20.5,311.95,1056.21,11.04,0
2024-07-11,165.78,3247.39,40.72,19.59,314.35,997.87,12.6,0
2025-11-23,198.93,3975.3,54.05,19.97,300.78,1111.26,12.06,1
2025-01-27,183.21,3829.34,59.07,20.88,310.3,1158.92,9.41,0
2024-09-11,154.11,3166.25,40.47,20.59,315.56,985.52,7.34,0
2025-08-29,173.24,3347.06,44.85,19.5,291.84,897.14,9.27,0
2025-09-01,178.68,3508.68,43.42,19.68,295.81,1082.05,10.66,0
2025-01-03,173.51,3573.69,48.7,20.59,308.32,994.44,10.0,0
2023-08-08,151.23,3023.54,52.99,19.96,309.55,1121.87,9.22,0
2024-09-25,162.21,3356.21,57.09,20.68,306.43,986.17,10.03,0
2025-06-25,181.58,3579.21,60.48,19.74,282.97,978.64,10.47,0
2024-08-17,163.75,3339.03,50.16,20.42,298.58,972.05,7.25,0
2024-11-12,167.85,3364.62,45.83,20.01,319.7,1000.42,9.37,0
2025-07-06,184.86,3705.21,43.6,20.01,305.37,1039.97,7.98,0
2025-03-26,190.25,3845.94,59.56,20.4,308.11,1042.82,11.62,0
2024-02-05,169.22,3432.74,46.48,20.18,309.59,1145.05,11.21,0
2023-10-16,151.24,3006.8,34.52,19.91,295.25,1193.02,9.65,0
2024-10-11,153.85,3147.95,49.17,20.51,299.89,1006.11,9.02,0
2022-11-06,130.9,2671.9,,20.23,290.32,1147.4,10.73,0
2024-11-28,168.8,3296.71,61.62,19.48,306.16,962.43,10.52,1
2024-04-27,172.81,3465.04,72.22,20.21,303.15,1130.08,9.58,0
2022-10-09,128.29,2596.23,60.74,20.24,310.15,1139.88,7.6,0
2025-05-11,196.47,3776.03,42.79,19.17,304.52,1098.28,9.16,0
2025-12-29,200.41,4209.52,50.57,20.91,296.24,1070.59,11.71,1
2022-05-29,136.32,2680.85,48.54,19.68,297.09,1139.19,10.32,0
2023-02-02,139.4,2874.68,66.71,20.51,307.45,986.54,8.39,0
2023-07-28,145.39,2938.17,54.78,20.21,305.14,973.45,8.66,0
2022-11-24,132.94,2746.93,48.08,20.52,295.32,936.14,10.15,1
2023-05-02,161.27,3138.39,56.28,19.5,306.27,1058.85,8.89,0
2023-09-11,145.34,2926.63,46.53,20.21,297.28,1097.08,10.91,0
2023-06-07,147.33,3069.65,52.56,,308.87,1044.47,9.15,0
2025-01-16,167.32,3371.27,53.17,20.27,280.49,981.77,9.94,0
2024-09-23,163.85,3359.74,68.5,20.49,298.09,1110.51,9.34,0
2022-09-29,115.5,2374.51,44.9,20.38,293.82,986.06,5.88,0
2024-05-01,167.18,3259.98,54.65,19.6,292.97,1021.33,10.23,0
2024-01-09,160.3,3186.95,52.45,19.71,293.14,1059.22,10.94,0
2022-03-28,136.79,2780.72,47.15,20.51,314.1,1131.21,9.2,0
2022-06-14,139.26,2772.07,56.9,19.94,307.27,1077.93,9.92,0
2025-06-18,176.45,3627.53,58.28,20.49,321.7,1074.64,8.23,0
2023-11-20,165.88,3285.09,49.49,19.73,304.91,1108.8,11.07,1
2023-07-10,148.97,2899.25,47.94,19.5,279.37,1155.65,11.93,0
2022-07-13,121.38,2380.35,47.84,19.65,295.04,956.48,5.31,0
2022-11-23,133.5,2677.48,48.36,20.19,308.98,1002.43,7.98,1
2022-12-10,147.44,2848.74,51.53,19.28,318.12,1049.65,8.23,1
2022-04-19,136.55,2642.55,45.41,19.3,289.77,1032.74,9.58,0
2022-06-05,134.1,2732.93,55.09,20.34,295.32,1097.86,8.3,0
2023-06-15,143.99,2855.49,44.53,19.91,299.23,963.95,8.33,0
2025-03-13,180.62,3640.11,46.94,20.21,304.15,920.65,9.63,0
2023-01-11,143.9,2739.33,46.16,19.06,286.33,975.6,9.96,0
2023-11-04,149.9,3045.85,54.16,20.24,302.85,998.47,10.36,0
2023-12-26,167.0,3364.22,58.29,20.13,309.16,1083.18,10.11,1
2023-04-26,148.59,3026.72,49.36,20.33,301.17,950.76,9.53,0
2025-09-18,173.63,3440.85,56.78,19.76,291.98,971.39,8.53,0
2024-03-03,175.93,3471.05,57.24,19.78,301.37,1180.39,11.67,0
2025-10-19,191.19,3797.71,67.75,19.97,303.68,1192.29,11.37,0
2025-05-22,185.7,3834.54,57.18,20.64,294.03,954.93,9.75,0
2023-04-17,160.07,3083.91,28.98,19.42,297.07,1148.44,11.05,0
2025-05-18,199.74,4074.57,68.78,20.35,292.23,1110.83,11.39,0
2022-01-17,132.5,2741.82,42.86,20.56,282.55,1149.99,8.83,0
2023-11-27,161.3,3138.14,57.11,19.46,290.3,1137.06,9.8,1
2024-08-11,167.95,3454.6,47.27,20.62,300.68,1079.86,9.65,0
2022-03-17,124.98,2584.85,54.11,20.6,284.55,903.23,9.87,0
2022-05-15,141.22,2735.06,47.48,19.38,289.06,1114.29,9.99,0
2022-01-02,123.83,2495.89,51.39,20.13,302.09,1079.36,9.94,0
2023-03-14,151.98,3143.56,39.03,20.71,287.65,1059.6,8.8,0
2025-12-12,189.57,3684.5,57.95,19.56,309.65,959.93,10.57,1
2022-11-16,124.12,2346.03,41.92,18.95,314.74,1025.47,11.99,0
2025-03-22,193.87,3980.82,51.05,20.38,291.6,1071.84,10.78,0
2024-04-15,173.9,3458.23,42.51,19.78,304.25,1091.45,9.46,0
2025-05-08,179.95,3681.94,42.12,20.52,290.69,904.87,11.61,0
2023-08-21,145.8,2876.44,39.23,19.71,280.23,1061.46,9.84,0
2022-11-18,125.15,2430.39,43.47,19.18,308.82,,10.08,0
2023-07-22,143.81,2901.36,39.08,20.08,296.89,1040.87,12.75,0
2024-04-01,176.44,3552.89,64.48,20.09,303.48,1224.85,11.35,0
2022-09-09,125.69,2366.2,62.02,18.91,302.18,959.9,10.35,0
2025-04-11,185.04,3817.21,42.47,20.57,289.66,972.06,10.01,0
2024-11-20,171.39,3538.22,54.68,20.62,295.43,1056.39,9.43,1
2025-08-01,171.38,3465.12,49.55,20.14,295.28,907.24,9.94,0
2022-03-04,128.38,2554.01,48.54,19.83,294.77,945.83,8.29,0
2025-12-16,198.6,4041.87,55.4,20.32,308.19,1085.46,12.02,1
2022-03-31,124.06,2514.72,50.49,20.35,310.43,1014.19,8.77,0
2025-05-31,185.15,3684.95,48.09,20.01,313.53,1053.15,9.66,0
2025-10-02,171.56,3282.71,40.48,19.24,291.1,900.15,11.23,0
2022-06-06,138.01,2756.39,68.84,20.09,293.8,1163.72,9.1,0
2023-03-18,148.38,3009.58,40.33,20.47,294.34,1029.75,11.15,0
2025-05-09,186.86,3822.9,39.56,20.34,309.94,953.96,10.07,0
2023-10-28,151.46,2945.29,59.19,19.53,302.49,1092.23,11.46,0
2023-02-19,147.12,2991.22,42.15,20.34,284.2,1018.29,7.93,0
2025-10-03,173.98,3523.19,49.05,20.41,296.28,968.86,10.47,0
2023-07-07,145.8,2885.87,61.72,19.84,291.0,1008.56,8.31,0
2023-05-27,150.45,3054.46,51.83,20.26,296.94,998.89,8.82,0
2023-06-06,159.96,3242.91,60.15,20.24,312.0,1108.61,9.73,0
2025-07-21,188.96,3646.6,58.49,19.16,282.7,1086.74,13.77,0
2024-11-10,165.65,3213.96,39.63,19.45,309.48,1093.44,11.51,0
2023-10-06,134.34,2614.01,46.55,19.31,306.78,933.42,10.2,0
2023-04-19,149.12,3049.32,46.89,20.57,285.21,1037.63,9.2,0
2024-07-30,164.29,3344.8,61.79,20.27,301.18,1092.08,9.95,0
2025-05-12,190.1,3762.77,43.39,19.91,307.93,1139.09,11.28,0
2022-06-30,124.89,2516.54,53.13,20.17,309.9,973.28,7.99,0
2025-06-15,189.06,3738.29,52.46,19.79,298.96,1134.93,12.15,0
2025-02-08,187.34,3592.51,39.27,19.1,301.16,1056.48,11.23,0
2025-08-15,179.39,3563.51,53.71,19.8,304.85,896.99,11.53,0
2023-02-06,155.53,3084.17,54.43,19.93,304.02,1231.75,11.56,0
2024-01-12,153.35,3088.89,34.09,20.07,304.35,992.29,8.85,0
2022-12-12,153.25,3029.63,51.16,19.72,305.73,1182.63,10.92,1
2025-04-02,184.84,3593.41,44.81,19.52,307.86,1001.03,10.41,0
2022-09-08,121.17,2344.75,52.36,19.56,292.1,997.4,8.95,0
2022-10-23,131.95,2660.95,37.88,20.16,288.85,1127.3,8.8,0
2025-02-11,185.04,3879.17,37.98,20.97,292.11,1035.26,10.27,0
2024-07-10,161.93,3159.16,35.36,19.65,294.24,983.28,9.34,0
2022-09-20,131.59,2604.54,23.85,19.76,300.02,1118.44,7.48,0
2022-05-01,144.66,2933.43,53.96,20.24,296.48,1122.23,9.99,0
2025-11-25,195.34,3760.01,46.86,19.31,307.32,1057.75,10.58,1
2023-10-08,151.45,2993.76,48.64,19.86,314.45,1152.98,7.84,0
2022-08-08,141.18,2816.21,59.92,19.77,284.76,1191.33,9.15,0
2022-09-25,122.22,2471.14,36.97,20.36,317.45,1082.18,7.9,0
2023-01-04,136.36,2771.92,60.43,20.5,313.21,1003.38,8.74,0
2022-07-12,135.96,2648.0,56.95,19.37,297.63,1071.41,11.63,0
2022-10-18,124.21,2454.56,40.3,19.78,310.0,1024.75,7.93,0
2024-11-14,157.45,3002.08,53.32,19.08,302.32,939.97,10.65,0
2025-08-27,173.83,3523.5,52.82,20.15,287.38,997.08,9.48,0
2024-11-02,161.68,3250.11,41.79,19.89,299.09,986.27,9.83,0
2024-03-12,174.28,3664.51,37.91,20.98,291.75,1106.66,10.18,0
2023-07-01,144.41,2857.24,62.4,19.67,304.88,1044.19,8.96,0
2022-03-16,132.41,2617.59,38.98,19.85,293.94,943.15,9.45,0
2025-03-28,186.97,3728.31,60.47,19.96,304.33,1013.43,9.43,0
2024-12-31,181.0,3524.52,49.6,19.43,296.18,1055.1,10.71,1
2022-09-10,120.77,2453.49,66.49,20.34,289.28,936.62,8.6,0
2023-03-09,150.33,2903.85,54.53,19.57,291.73,955.72,10.13,0
2024-03-24,181.05,3576.54,56.86,19.78,292.8,,10.15,0
2023-08-20,138.45,2786.88,41.22,20.13,300.07,1006.71,7.8,0
2025-09-30,174.91,3371.5,41.91,19.37,307.75,1018.91,11.68,0
2022-01-12,118.51,2323.19,55.1,19.46,303.26,1042.96,7.44,0
2025-05-02,186.24,3695.07,47.33,19.82,293.55,967.79,9.99,0
2023-10-17,146.61,2835.09,53.36,19.31,287.4,1049.93,8.94,0
2024-06-22,169.52,3351.86,62.27,19.75,313.5,1001.14,8.79,0
2022-07-29,128.89,2523.89,67.18,19.69,302.25,1013.03,7.45,0
2025-09-20,180.48,3466.24,52.55,19.23,307.86,1002.34,12.41,0
2023-12-31,168.43,3279.29,55.62,19.58,305.78,1105.45,9.66,1
2024-08-21,163.09,3088.31,59.42,18.9,309.69,1001.84,8.99,0
2022-06-29,129.57,2527.23,61.52,19.52,302.66,978.65,8.48,0
2024-12-08,178.45,3449.81,40.44,19.42,282.91,1150.88,9.24,1
2023-05-29,152.16,2977.92,51.34,19.6,298.86,1051.53,9.03,0
2022-11-09,126.08,2576.88,60.0,20.57,287.61,1005.37,10.58,0
2023-03-17,145.4,2935.84,43.26,20.08,289.24,971.5,8.39,0
2023-09-14,139.05,2781.22,42.85,19.81,296.01,985.6,8.08,0
2022-06-10,129.14,2516.33,53.79,19.64,288.2,956.58,7.84,0
2024-01-10,150.71,3064.45,47.64,20.23,293.16,993.1,10.67,0
2023-01-12,141.35,2781.7,52.28,19.65,285.47,992.71,8.27,0
2022-07-25,129.55,2510.68,36.65,19.21,315.91,1088.93,10.98,0
2022-10-16,133.47,2667.75,45.53,20.18,311.8,1033.71,8.88,0
2022-02-26,130.6,2648.86,38.37,20.25,295.65,1050.7,9.71,0
2023-01-20,140.04,2783.58,36.69,19.81,310.8,956.7,8.97,0
2023-05-16,155.68,3051.89,45.97,19.63,302.56,1090.5,9.0,0
2025-04-01,186.99,3530.22,43.01,18.95,306.41,1029.19,9.44,0
2024-02-21,157.6,3210.96,45.4,20.3,297.45,1033.4,7.35,0
2022-08-20,121.26,2491.34,41.57,20.35,295.28,1035.49,8.12,0
2025-09-08,179.7,3594.2,29.8,20.06,300.88,1099.73,11.06,0
2023-03-02,149.73,2977.58,65.5,20.07,317.54,1031.5,11.34,0
2025-03-15,189.34,3811.06,52.19,20.12,311.0,1034.85,11.25,0
2022-11-07,134.96,2838.45,57.57,21.07,293.57,1145.13,7.75,0
2023-08-13,140.25,2889.0,38.29,20.55,297.21,1052.84,6.89,0
2022-08-26,120.91,2387.59,45.05,19.99,295.41,955.35,9.58,0
2022-08-25,123.36,2392.96,32.44,19.34,300.36,943.73,8.65,0
2023-03-03,145.19,2969.25,54.69,20.39,311.68,964.42,9.65,0
2024-06-01,166.91,3307.75,,19.79,299.35,1010.0,10.77,0
2025-07-27,176.29,3576.62,50.29,20.32,309.59,1152.98,7.28,0
2023-08-05,146.28,2906.2,55.36,19.79,302.78,1018.06,10.79,0
2024-12-26,181.29,3405.8,58.3,18.86,294.09,948.64,11.51,1
2022-06-25,133.96,2655.61,45.48,19.62,295.5,1014.87,8.75,0
2024-04-05,169.35,3398.7,57.27,20.1,309.07,942.23,9.75,0
2024-06-07,165.8,3332.25,47.08,20.06,298.74,1078.63,10.08,0
2023-04-02,158.49,3110.21,58.98,19.53,295.43,1083.58,10.61,0
2024-01-15,160.04,3257.66,43.08,20.58,312.0,1111.89,9.9,0
2025-06-28,182.34,3609.99,58.14,19.79,298.98,1044.74,10.99,0
2024-10-28,164.94,3207.48,49.09,19.41,300.95,1088.89,8.78,0
2025-11-10,190.23,3678.67,46.67,19.35,295.55,1127.23,12.04,0
2022-11-14,136.78,2663.15,44.38,19.44,299.16,1073.78,8.14,0
2023-02-19,147.12,2991.22,42.15,20.34,284.2,1018.29,7.93,0
2024-06-16,170.06,3320.6,44.86,19.51,286.42,1072.79,9.45,0
2024-09-10,160.58,3274.86,39.82,20.29,304.54,1121.09,9.06,0
2025-06-13,177.25,3667.22,47.64,20.56,294.47,862.25,7.49,0
2022-06-02,132.77,2573.62,50.67,19.58,290.9,937.04,9.89,0
2023-07-13,141.41,2681.16,46.09,19.11,293.48,950.66,8.47,0
2024-09-08,161.16,3157.51,42.62,19.7,296.82,1089.03,10.02,0
2025-12-03,186.69,3860.18,44.36,20.57,297.72,1028.14,10.31,1
2024-04-23,169.3,3611.11,57.79,21.29,306.58,1063.79,10.4,0
2024-08-13,164.85,3417.31,46.93,20.71,293.46,1058.36,9.32,0
2025-12-01,201.84,3947.82,42.88,19.54,298.51,1078.62,10.29,1
2025-08-17,187.18,3670.06,57.75,19.64,308.59,1120.7,9.79,0
2023-12-17,169.41,3309.47,46.86,19.57,294.22,1069.36,7.22,1
2025-08-03,181.28,3522.31,41.21,19.48,296.33,1053.63,9.26,0
2023-07-29,146.43,3076.18,61.58,21.1,297.28,1091.67,9.87,0
2025-06-22,193.79,3766.58,56.27,19.59,307.08,1110.88,12.27,0
2022-09-22,119.42,2393.32,39.23,20.04,300.43,952.01,7.88,0
2022-10-19,120.54,2318.84,38.02,,306.67,1028.62,6.73,0
2025-06-08,188.08,3585.99,46.63,18.94,292.34,1059.53,12.04,0
2023-08-23,143.48,2825.89,49.81,19.85,282.57,1016.61,10.64,0
2022-06-04,133.81,2872.32,58.9,21.28,297.04,1034.98,7.4,0
2025-12-11,195.95,3831.91,53.31,19.44,301.66,1012.53,10.05,1
2022-01-23,128.36,2529.06,40.39,19.62,306.65,1128.74,9.34,0
2024-02-26,169.19,3368.34,63.68,19.86,310.15,1083.82,11.09,0
2025-10-05,183.93,3681.06,31.99,20.12,284.36,1110.95,11.03,0
2024-12-17,175.35,3581.07,50.33,20.4,305.31,996.28,12.22,1
2024-03-20,169.0,3308.41,43.45,19.65,297.5,1022.29,9.0,0
2024-09-20,151.79,3036.09,52.47,20.06,292.98,1082.31,9.33,0
2025-09-25,175.41,3555.91,49.2,20.37,307.69,946.01,10.72,0
2024-01-08,164.31,3164.34,50.85,19.35,306.8,,8.2,0
2022-09-16,116.39,2333.58,46.34,20.04,301.17,979.67,9.54,0
2022-08-16,121.01,2465.74,40.54,20.6,301.09,1069.86,8.74,0
2022-11-13,134.06,2648.07,51.33,19.77,293.5,1084.85,8.42,0
2025-04-06,192.94,3924.46,33.82,20.42,288.35,1050.4,11.43,0
2022-04-18,143.16,2713.22,46.81,18.98,306.68,1131.26,9.02,0
2025-08-31,183.63,3642.0,42.18,19.9,301.28,1165.18,10.73,0
2025-01-25,180.7,3640.0,64.19,20.16,290.3,996.07,10.38,0
2023-03-04,155.59,3087.57,63.38,19.81,305.65,1080.96,9.18,0
2022-03-27,139.81,2759.39,38.83,19.82,298.72,1097.91,10.73,0
2024-04-14,171.91,3403.79,40.32,19.99,293.01,1074.52,10.57,0
2024-02-28,163.26,3398.54,59.59,20.86,296.09,962.02,9.31,0
2024-09-24,160.19,3318.8,63.15,20.69,293.17,1061.77,8.94,0
2023-08-16,134.33,2729.82,42.45,20.37,297.91,944.3,8.89,0
2023-09-03,143.04,2869.57,61.93,20.28,299.38,1134.76,9.29,0
2025-12-18,190.78,3854.06,62.88,20.21,307.81,962.85,11.47,1
2023-06-09,142.51,2900.2,48.26,20.42,306.94,929.92,7.9,0
2022-01-31,132.41,2827.84,46.99,21.41,302.8,1015.66,9.33,0
2022-01-11,123.74,2379.09,56.34,19.27,294.66,1058.48,10.56,0
2025-04-10,179.81,3576.09,43.54,19.95,280.66,902.91,13.4,0
2023-03-15,149.92,3037.0,35.61,20.37,288.38,986.42,10.22,0
2022-12-09,139.02,2749.43,57.1,19.61,308.69,856.32,11.62,1
2023-12-12,162.55,3170.95,42.39,19.48,298.58,1136.79,11.49,1
2024-05-09,160.41,3288.83,45.73,20.57,295.57,988.63,7.69,0
2023-04-04,160.9,3086.74,57.18,19.32,308.29,1083.48,10.56,0
2023-11-01,144.53,2824.2,64.97,19.69,306.1,1030.93,9.43,0
2025-08-08,171.98,3365.14,34.78,19.68,289.92,961.08,9.21,0
2022-05-06,133.37,2655.75,69.61,19.85,305.98,1019.45,9.05,0
2022-09-15,118.24,2457.7,42.39,20.67,296.62,988.48,9.71,0
2025-02-24,188.68,3781.24,53.7,19.94,290.77,1129.38,11.54,0
2025-12-13,198.17,3989.6,54.97,20.13,301.12,977.0,10.62,1
2022-11-10,122.17,2429.58,58.13,20.09,294.66,988.92,7.09,0
2025-01-21,188.09,3727.08,71.53,19.91,292.26,1155.91,11.78,0
2024-11-24,181.91,3534.08,62.66,19.44,303.47,1087.35,9.93,1
2022-01-05,116.12,2400.81,56.26,20.72,306.91,952.99,7.32,0
2024-10-22,160.36,3265.59,60.84,20.33,310.57,1075.17,9.55,0
2022-07-18,137.3,2872.33,44.41,20.85,292.4,1074.14,9.24,0
2023-09-21,136.81,2764.76,46.21,20.19,301.51,988.32,10.74,0
2023-02-14,150.42,3009.44,45.14,20.05,293.2,1066.24,11.07,0
2023-12-18,163.92,3333.45,43.14,20.46,291.65,1115.23,9.24,1
2025-06-10,187.67,3748.83,50.93,19.87,303.27,1084.72,11.48,0
2022-06-24,125.96,2547.35,41.87,20.06,298.64,985.36,8.35,0
2025-08-06,174.41,3353.26,42.84,19.32,286.45,983.57,11.06,0
2024-11-08,154.92,3063.06,45.45,19.97,301.05,1000.05,10.03,0
2023-04-15,155.52,3014.32,39.69,19.51,297.66,1052.99,10.64,0
2022-07-22,124.12,2487.13,45.47,19.97,303.87,1021.55,7.79,0
2024-06-05,171.66,3460.44,50.84,20.14,311.54,1034.93,9.66,0
2023-08-19,143.56,2865.07,38.79,19.81,294.55,1046.62,7.52,0
2023-09-24,148.36,3029.13,59.73,20.47,312.6,1113.39,6.79,0
2022-06-27,136.08,2785.88,51.39,20.43,297.01,1076.3,8.41,0
2022-10-03,131.88,2534.94,60.97,19.19,280.7,1136.61,10.38,0
2024-04-09,170.5,3604.89,41.16,21.18,304.45,1060.63,8.28,0
2023-02-17,144.62,2953.57,32.38,20.53,303.7,912.8,10.75,0
2022-01-14,118.51,2304.72,44.5,19.47,302.36,937.03,8.98,0
2023-04-29,156.18,3137.2,56.9,20.25,291.28,1053.15,9.62,0
2025-11-12,187.73,3514.53,54.86,18.68,298.72,997.78,11.4,0
2025-11-01,181.23,3682.38,36.11,20.19,307.32,1112.81,11.23,0
2023-04-21,148.47,2951.28,40.09,19.88,300.93,974.76,8.99,0
2023-06-23,143.93,2881.87,50.96,19.92,305.47,990.43,8.84,0
2023-09-08,138.76,2763.34,50.65,20.03,287.13,1010.29,10.74,0
2024-08-15,150.75,3097.86,46.41,20.55,292.35,916.98,9.3,0
2022-04-28,135.2,2711.28,38.28,20.1,292.29,914.28,7.69,0
2023-06-21,152.23,3073.1,38.27,20.13,292.5,1047.61,9.03,0
2024-12-18,176.6,3583.81,52.46,20.36,296.5,1006.41,10.74,1
2025-10-04,172.97,3455.68,33.2,19.89,302.54,984.87,10.72,0
2023-10-04,152.53,2916.77,65.78,19.16,309.64,1108.99,10.92,0
2023-08-26,142.31,2854.93,58.42,19.96,301.21,1112.16,8.94,0
2025-03-07,184.91,3660.75,51.94,19.82,291.0,964.4,11.27,0
2025-02-15,182.79,3644.14,58.96,19.75,304.38,1012.91,11.28,0
2024-04-03,170.36,3304.5,52.25,19.33,305.38,1053.49,9.89,0
2022-06-13,132.33,2695.93,49.96,20.36,308.33,1113.95,8.46,0
2022-04-22,134.28,2653.93,40.36,19.9,291.63,1004.01,9.97,0
2022-12-11,147.72,2856.4,49.72,19.15,302.34,1082.79,8.16,1
2025-02-16,184.67,3581.44,53.32,19.31,298.75,1080.73,13.19,0
2025-05-07,182.86,3785.17,43.22,20.78,295.59,1008.69,10.74,0
2023-04-28,146.47,2961.09,46.04,20.08,307.32,906.89,8.63,0
2025-07-04,179.99,3678.87,42.01,20.4,294.09,911.92,11.07,0
2024-06-06,159.55,3320.36,44.14,20.67,311.34,1008.95,9.7,0
2022-05-11,135.57,2626.98,50.91,19.32,298.27,968.59,9.42,0
2025-05-27,190.15,3775.44,52.97,19.92,302.11,1073.19,12.12,0
2025-06-03,189.95,3830.02,34.79,20.16,301.51,1068.6,11.83,0
2022-12-05,142.35,2888.94,62.01,20.4,293.87,1148.32,9.28,1
2025-05-01,189.61,3607.34,44.55,18.98,297.74,976.01,10.93,0
2024-10-23,161.55,3309.51,59.7,20.47,305.93,1057.79,11.22,0
2022-03-14,142.3,2914.46,55.7,20.33,289.59,1134.1,10.0,0
2023-05-30,149.14,2904.13,54.55,19.36,295.83,1033.55,9.76,0
2024-06-03,169.62,3550.08,55.49,20.83,307.82,1100.47,11.22,0
2023-05-31,147.01,2936.22,62.44,19.96,284.34,1042.08,10.13,0
2025-03-19,183.16,3669.87,55.56,20.19,287.34,1012.76,13.15,0
2025-02-12,178.66,3639.63,48.92,20.29,299.8,977.96,8.79,0
2022-01-13,113.3,2239.71,57.09,19.61,300.55,913.38,9.89,0
2023-03-24,153.61,2973.44,39.42,19.31,307.26,1003.74,10.58,0
2025-12-23,198.47,3950.66,57.08,19.82,301.26,1063.57,11.31,1
2022-07-28,121.42,2419.68,,19.83,304.17,968.66,8.08,0
2022-10-31,132.89,2603.59,58.93,19.51,300.54,1093.29,8.54,0
2023-07-31,147.6,3000.58,60.69,20.19,291.29,1146.67,9.14,0
2023-09-13,132.81,2741.01,37.39,20.73,305.28,982.0,9.71,0
2024-10-18,158.32,3283.43,49.21,,288.13,942.76,9.56,0
2023-07-20,137.62,2900.62,39.3,21.11,311.99,938.02,10.96,0
2025-08-18,183.76,3529.64,48.78,19.3,321.18,1086.08,8.92,0
2023-11-25,161.02,3136.13,58.96,19.5,297.94,1048.82,11.81,1
2024-11-30,173.59,3490.02,50.27,20.19,310.93,1110.94,10.49,1
2023-10-07,142.38,2940.69,50.85,20.66,308.98,1023.07,9.28,0
2022-12-07,138.84,2852.46,54.55,20.46,294.57,996.79,8.5,1
2024-05-16,168.96,3282.52,44.0,19.45,308.69,974.16,11.59,0
2022-12-13,147.74,2928.69,40.68,19.72,309.0,1068.03,8.97,1
2025-10-14,183.66,3471.81,64.85,19.05,296.86,1073.84,12.17,0
2025-06-26,184.78,3567.6,50.42,19.26,280.98,930.11,9.36,0
2022-11-01,127.19,2452.71,57.33,19.18,302.53,1042.57,8.76,0
2022-02-06,125.57,2552.26,60.55,20.27,299.21,1022.26,9.26,0
2024-03-22,171.45,3356.75,49.88,19.51,298.4,903.49,8.93,0
2022-02-12,128.04,2567.87,55.3,20.0,312.04,998.93,7.3,0
2025-09-22,175.72,3649.67,58.58,20.73,306.96,1066.23,11.3,0
2025-03-29,185.85,3655.52,46.21,19.56,307.93,1080.48,11.26,0
2024-11-27,173.62,3404.19,43.19,19.66,295.73,1030.07,10.89,1
2025-03-20,187.48,3748.21,53.66,20.04,295.96,1006.89,9.01,0
2024-01-04,148.66,3067.52,45.55,20.47,295.71,1025.38,9.36,0
2023-04-05,157.9,2958.8,53.52,18.72,304.67,1035.53,11.5,0
2023-12-09,162.73,3231.79,54.71,19.91,302.68,970.93,9.75,1
2023-02-28,155.54,3209.08,60.74,20.48,316.24,1053.74,10.11,0
2025-12-09,203.47,3993.53,48.39,19.63,297.14,1084.16,12.17,1
2024-05-13,175.96,3480.56,49.03,19.61,303.17,1093.23,9.37,0
2022-10-22,125.07,2568.63,42.27,20.55,282.45,1078.05,9.06,0
2023-08-09,140.9,2756.44,51.24,19.51,307.63,994.5,9.43,0
2022-01-27,120.95,2287.51,36.81,18.9,306.49,986.5,9.5,0
2023-11-12,152.87,3015.44,44.95,19.8,312.3,1044.86,8.58,0
2024-09-28,162.67,3285.76,62.05,20.19,292.8,1083.34,8.17,0
2024-09-18,153.71,2987.61,,19.49,292.46,1016.05,11.98,0
2022-05-16,143.4,2850.62,57.75,19.86,293.23,1138.13,11.42,0
2023-05-26,143.65,2728.84,51.35,19.04,303.13,973.57,9.49,0
2022-07-30,127.49,2535.76,52.85,19.85,289.61,955.42,9.39,0
2024-08-18,161.52,3270.94,53.21,20.25,288.94,1082.66,9.61,0
2022-12-20,142.68,2928.54,39.26,20.38,301.66,1034.48,10.19,1
2024-05-30,166.08,3292.2,71.29,19.78,292.7,995.74,8.39,0
2024-05-02,170.99,3402.49,52.69,19.81,284.67,1046.89,8.89,0
2022-02-25,130.13,2673.22,46.0,20.39,286.92,960.63,7.99,0
2023-04-09,157.86,3322.73,55.14,21.05,303.09,1019.53,10.57,0
2025-10-09,163.43,3465.22,49.32,21.28,288.77,962.64,7.88,0
2025-10-29,174.19,3479.48,41.07,19.98,291.51,948.85,8.49,0
2024-05-06,179.02,3608.99,43.76,20.14,279.94,1146.51,11.42,0
2022-08-05,122.65,2552.83,55.65,20.83,295.23,1034.38,6.78,0
2024-11-09,169.17,3306.81,39.86,19.57,308.65,1070.45,10.78,0
2022-02-10,123.66,2384.61,62.35,19.39,296.83,1009.72,7.49,0
2023-02-01,140.25,2869.37,50.94,20.39,299.12,878.98,7.87,0
2025-11-09,185.69,3754.86,44.32,20.27,308.79,997.74,10.18,0
2024-10-15,168.13,3303.97,44.33,19.79,297.57,1054.28,12.01,0
2025-04-17,185.44,3566.88,54.68,19.23,306.55,936.79,9.56,0
2025-10-31,173.56,3404.14,39.28,19.57,296.88,987.17,12.3,0
2025-09-14,183.64,3598.16,56.77,19.65,283.17,1096.72,12.49,0
2022-06-28,142.63,2707.3,44.61,19.09,291.06,1139.16,8.9,0
2022-06-26,135.5,2701.3,42.63,19.95,291.61,1122.87,9.42,0
2024-01-11,156.86,3062.1,32.14,19.53,302.24,944.93,10.65,0
2023-05-23,148.94,3055.29,39.8,20.41,313.08,1033.67,9.65,0
2023-07-25,150.74,2903.42,50.09,19.12,302.98,1113.57,9.1,0
2025-07-05,175.08,3507.88,39.73,20.02,296.65,1012.28,12.49,0
2022-10-28,122.79,2505.38,45.86,20.51,308.22,946.16,7.81,0
2025-10-11,187.33,3785.45,57.05,20.12,289.33,1006.39,11.67,0
2024-06-24,172.81,3357.53,58.89,19.39,310.93,1100.9,10.93,0
2023-10-02,147.03,2932.36,53.04,19.76,292.99,1112.99,9.9,0
2023-07-18,148.52,2872.53,38.42,19.28,303.38,1035.86,8.07,0
2025-04-28,196.57,3748.84,58.54,19.21,291.2,1141.21,10.14,0
2022-03-20,143.93,2688.53,44.58,18.63,283.85,1172.19,8.36,0
2023-06-03,150.29,3033.2,60.44,20.16,296.17,1007.64,9.85,0
2024-10-31,155.36,3110.95,49.66,19.93,291.83,882.7,9.46,0
2023-12-28,160.38,3121.27,59.6,19.5,312.31,972.93,11.61,1
2022-08-17,120.64,2458.87,40.55,20.38,309.75,916.93,8.09,0
2024-03-29,169.66,3478.69,60.36,20.4,291.01,965.33,10.07,0
2025-11-07,176.23,3509.89,35.46,19.86,317.81,969.61,9.74,0
2022-02-20,136.26,2681.03,42.96,19.71,291.79,1074.45,10.12,0
2022-01-30,128.01,2532.54,46.46,20.0,307.14,1057.38,9.13,0
2023-09-26,139.14,2917.98,53.74,20.9,293.33,993.52,10.97,0
2023-10-19,142.76,2746.94,42.64,19.21,287.5,971.44,11.25,0
2023-07-16,154.13,3216.0,50.87,20.76,302.09,1173.17,10.66,0
2025-07-17,174.99,3541.38,60.07,20.36,296.88,977.25,8.97,0
2024-12-28,187.61,3789.75,59.52,20.16,294.82,1113.08,10.83,1
2024-08-09,160.98,3096.34,42.25,19.33,288.67,940.38,11.18,0
2025-10-22,174.18,3610.01,60.96,20.82,302.97,980.61,11.31,0
2022-07-23,131.56,2721.84,45.32,20.52,310.91,1077.12,7.99,0
2023-03-21,158.18,3092.96,33.97,19.69,304.45,1093.8,11.42,0
2023-01-07,135.75,2782.58,59.92,20.38,299.56,1026.55,8.82,0
2022-02-02,121.14,2509.61,54.0,20.56,289.6,1032.85,6.55,0
2025-03-12,184.82,3847.99,49.49,20.77,314.45,1058.0,12.39,0
2024-10-24,158.87,3226.73,60.55,20.4,298.8,949.38,9.95,0
2024-06-12,165.13,3304.17,45.9,20.0,282.77,943.19,12.6,0
2023-10-31,144.94,2892.85,46.69,19.8,311.11,1086.11,8.74,0
2025-03-11,191.62,4020.59,53.54,21.05,308.48,1057.86,10.66,0
2025-04-04,180.81,3521.71,37.73,19.42,297.81,953.87,9.24,0
2022-12-01,143.78,2770.99,62.31,19.31,287.11,1019.22,7.12,1
2023-01-18,132.71,2716.15,29.44,20.52,311.31,998.82,9.63,0
2024-12-13,172.32,3304.31,41.98,19.28,295.69,969.58,10.28,1
2025-01-10,173.06,3336.25,36.14,19.38,306.44,937.91,10.02,0
2023-01-08,146.79,2911.66,63.13,19.9,288.06,1124.85,5.08,0
2022-06-01,133.46,2643.75,53.81,19.87,307.32,1038.04,7.91,0
2024-02-18,169.42,3419.29,45.56,20.06,301.69,1016.01,11.02,0
2025-02-26,186.1,3809.45,52.68,20.48,292.62,1107.47,10.61,0
2022-01-04,122.44,2491.8,63.49,20.26,307.99,1058.05,7.41,0
2025-04-03,184.31,3684.52,46.87,19.97,311.58,938.18,9.86,0
2023-12-04,159.06,3305.68,52.36,20.85,316.09,1212.87,11.57,1
2023-10-05,136.4,2730.16,54.58,20.06,310.45,916.29,10.06,0
2023-03-06,153.69,3024.35,,19.83,300.43,1144.95,9.75,0
2025-02-20,183.6,3427.57,54.03,18.73,300.47,960.83,11.05,0
2025-07-26,182.06,3598.42,55.0,19.75,296.46,984.24,12.56,0
2025-06-07,185.63,3766.86,41.93,20.15,296.48,1116.93,10.46,0
2023-03-22,151.4,2845.17,44.69,18.88,309.07,1037.98,9.57,0
2024-05-04,169.29,3419.81,59.18,20.17,281.4,1095.45,9.16,0
2025-11-02,181.78,3596.73,43.17,19.78,296.01,1091.56,10.7,0
2022-02-11,132.53,2578.09,58.29,19.46,296.13,948.06,7.99,0
2024-04-13,167.61,3291.76,36.22,19.67,281.71,1040.61,8.09,0
2022-08-11,119.95,2390.47,59.31,19.74,307.3,959.31,8.11,0
2024-04-20,171.57,3320.79,49.75,19.6,295.12,1002.65,10.12,0
2025-12-06,196.18,3763.27,42.75,19.17,290.06,984.21,9.98,1
2022-02-22,130.31,2452.74,36.67,18.77,300.77,1091.88,8.63,0
2023-05-17,151.7,2962.7,50.04,19.72,304.98,1030.62,10.06,0
2022-04-24,141.31,2873.43,52.37,20.4,296.21,1072.24,9.22,0
2022-02-18,119.65,2494.31,45.84,20.81,293.23,884.91,10.0,0
2022-10-17,132.51,2444.77,39.46,18.53,295.4,1128.77,10.71,0
2022-03-18,134.76,2694.74,48.36,20.0,294.4,1002.62,9.52,0
2022-07-26,133.9,2575.86,45.14,19.31,308.04,1027.63,11.9,0
2023-01-13,136.76,2697.79,46.85,19.77,300.35,924.13,8.84,0
2022-05-04,138.3,2718.3,48.87,19.68,294.17,1032.0,9.39,0
2025-03-06,180.43,3582.48,28.84,19.92,310.07,937.18,9.96,0
2025-06-20,177.8,3697.48,58.95,20.75,305.11,1022.16,10.83,0
2023-01-22,149.28,2916.37,44.28,19.44,318.18,1129.84,8.76,0
2022-08-14,129.37,2604.9,55.44,20.03,303.73,1134.36,10.39,0
2025-01-19,192.05,3714.52,58.18,19.34,295.49,1083.03,10.15,0
2023-09-25,150.4,2990.3,53.28,19.94,284.26,1100.15,12.41,0
2024-02-15,156.94,3192.38,33.49,20.4,294.0,941.43,8.87,0
2024-06-08,164.48,3378.94,48.11,20.42,304.99,990.5,10.06,0
2025-02-28,181.55,3703.43,60.29,20.48,290.21,971.54,12.35,0
2024-06-18,164.55,3322.65,43.84,20.08,299.14,1110.86,9.46,0
2024-04-12,165.88,3308.54,35.03,19.89,291.14,985.65,10.7,0
2022-08-10,123.61,2358.05,,19.15,298.86,,9.93,0
2025-08-30,175.43,3473.21,44.42,19.86,288.2,1018.18,11.63,0
2023-11-15,144.74,2822.46,42.5,19.42,301.73,1000.55,9.73,0
2025-08-16,179.78,3583.11,58.31,19.81,297.21,1085.6,11.17,0
2025-07-09,181.39,3566.43,34.68,19.61,290.87,923.83,12.19,0
2023-09-10,141.56,2838.87,49.56,20.16,292.57,1085.25,7.74,0
2024-12-03,179.89,3828.19,51.74,21.31,301.82,1058.43,10.7,1
2024-08-16,150.1,2943.65,48.78,19.69,297.11,993.59,9.4,0
2024-10-04,152.92,3063.87,49.11,20.06,307.51,948.76,9.88,0
2023-11-17,141.78,2720.21,44.9,19.14,314.49,972.55,10.7,0
2024-05-19,175.66,3509.55,57.97,20.1,300.0,1090.25,9.7,0
2025-10-10,172.19,3473.6,42.9,20.15,292.76,992.44,11.16,0
2022-06-11,136.53,2776.22,61.37,20.37,295.77,1063.9,8.71,0
2023-11-24,149.04,3042.52,48.66,20.31,299.45,980.41,8.47,1
2023-11-05,150.59,3021.62,52.21,20.08,300.41,1132.69,9.62,0
2024-01-20,158.71,3074.54,40.89,19.5,307.71,1048.42,9.12,0
2025-05-06,186.48,3769.36,42.04,20.36,304.34,1085.09,10.21,0
2023-02-13,159.51,3242.91,44.72,20.23,310.18,1097.78,10.19,0
2023-09-22,131.31,2625.43,53.39,19.91,293.06,980.52,8.71,0
2025-03-14,185.67,3719.06,48.91,20.03,298.11,992.84,9.86,0
2022-11-22,140.34,2852.71,35.27,20.36,303.6,1101.14,10.5,1
2023-10-15,151.22,2932.55,38.71,19.38,287.68,1189.29,12.13,0
2024-06-20,160.41,3167.52,50.11,19.78,303.57,1026.85,10.55,0
2022-01-07,121.56,2464.86,67.41,20.37,317.08,1014.79,7.74,0
2023-11-03,137.84,2762.44,47.06,20.05,288.65,926.44,7.95,0
2025-01-01,170.2,3495.26,48.31,20.49,289.29,1047.9,11.5,0
2022-04-25,138.63,2792.51,39.53,20.38,290.34,1152.69,8.86,0
2024-01-23,163.14,3150.74,49.19,19.33,294.91,1076.07,9.55,0
2023-10-09,144.83,2998.5,34.44,20.65,308.95,1106.12,10.52,0
2023-10-30,155.35,3081.18,67.47,19.9,304.09,1161.13,8.87,0
2025-04-24,186.52,3743.25,68.26,20.11,302.49,946.46,10.08,0
2022-05-20,131.22,2574.93,36.41,19.71,295.53,986.44,6.8,0
2025-10-25,180.04,3706.59,54.75,20.49,299.56,1061.88,10.28,0
2024-07-02,169.07,3539.31,61.95,20.93,291.14,1087.46,9.81,0
2025-03-09,192.78,3937.21,31.83,20.38,305.13,1169.44,9.33,0
2023-07-27,136.33,2701.34,55.7,19.81,298.37,911.0,9.48,0
2022-12-19,143.47,2975.76,44.34,20.75,289.8,1151.78,6.74,1
2025-09-07,172.59,3511.66,33.92,20.18,296.03,1095.11,8.87,0
2022-06-15,129.45,2505.34,52.06,19.33,315.31,1023.36,10.02,0
2024-05-24,170.62,3463.1,57.27,20.45,291.41,953.72,9.82,0
2024-11-22,175.1,3372.4,59.38,19.33,295.8,982.56,10.56,1
2024-03-23,167.79,3341.89,61.3,20.01,300.06,1031.9,10.44,0
2022-08-03,133.29,2709.05,55.86,20.36,298.1,1061.62,9.8,0
2025-05-03,185.28,3668.19,39.95,19.89,299.01,1027.81,9.34,0
2022-04-23,136.68,2668.01,40.36,19.46,295.65,1099.38,8.01,0
2022-10-25,125.98,2650.54,45.66,21.13,297.86,1061.99,9.36,0
2023-01-30,150.3,3016.29,63.33,20.12,292.07,1176.76,10.53,0
2022-05-12,128.56,2648.38,57.77,20.57,292.83,961.11,7.93,0
2022-11-11,127.61,2510.86,58.61,19.69,298.44,1035.24,9.3,0
2022-05-19,137.7,2653.69,48.19,19.32,297.2,1003.53,10.08,0
2025-05-13,187.83,3729.04,50.75,19.76,304.34,1145.97,12.29,0
2022-12-08,135.48,2730.92,58.65,20.11,309.51,965.69,6.82,1
2023-02-21,157.23,3051.51,50.32,19.43,295.41,1104.54,11.44,0
2025-01-02,170.62,3485.29,35.94,20.52,293.0,1029.15,10.87,0
2022-02-08,134.01,2652.67,53.3,19.75,290.35,1033.91,7.93,0
2024-09-09,155.95,3212.78,35.22,20.67,314.39,1046.27,8.45,0
2022-09-07,121.41,2408.12,61.54,19.96,306.12,1029.97,9.67,0
2023-01-14,142.86,2838.84,55.07,19.92,297.33,1070.81,11.14,0
2024-07-03,167.95,3532.31,51.6,21.07,299.82,1036.92,8.44,0
2022-02-23,133.77,2609.72,,19.48,294.16,1046.72,7.58,0
2023-12-08,154.21,3012.24,41.52,19.71,298.35,942.13,10.14,1
2022-05-17,132.64,2682.56,44.0,20.34,285.18,1034.0,12.33,0
2025-08-21,172.63,3395.84,53.9,19.68,311.15,923.68,11.55,0
2025-03-25,188.36,3968.56,53.99,21.21,292.85,1052.92,13.03,0
2025-04-08,186.3,3774.17,41.65,20.22,291.29,1041.31,8.45,0
2024-03-04,170.07,3244.66,47.68,19.11,292.58,1064.08,10.62,0
2022-02-05,128.55,2659.66,52.56,20.82,290.58,1028.01,8.14,0
2022-01-26,124.71,2356.21,41.89,18.95,290.05,1020.44,12.27,0
2023-10-20,137.61,2583.08,44.0,18.76,287.13,992.62,8.19,0
2023-03-26,156.16,3283.3,42.62,20.91,295.3,1120.16,9.75,0
2023-08-02,146.13,2890.81,52.55,19.78,302.38,966.14,9.32,0
2022-10-30,134.45,2596.09,57.8,19.14,306.4,1135.4,8.27,0
2025-09-28,187.84,3698.52,47.78,19.76,316.66,1061.72,12.52,0
2025-11-18,185.54,3832.27,61.29,20.6,291.62,1095.55,10.9,0
2025-07-30,177.88,3691.55,48.06,20.67,309.27,997.01,11.03,0
2025-02-18,187.9,3655.86,56.57,19.44,308.74,1080.49,11.04,0
2024-02-17,166.12,3286.86,42.88,19.84,292.19,1045.23,9.35,0
2025-03-16,191.35,3825.57,53.79,19.97,299.32,1131.13,10.05,0
2022-09-02,120.86,2436.78,51.43,20.12,305.27,949.28,10.64,0
2022-04-14,133.79,2747.06,50.06,20.69,304.14,978.88,6.76,0
2022-10-04,129.3,2473.86,60.51,19.09,290.16,1051.02,9.68,0
2023-01-29,150.12,3112.9,65.04,20.62,296.03,1113.61,10.04,0
2022-04-21,131.81,2514.34,31.75,19.11,302.72,929.06,6.84,0
2023-08-12,138.59,2748.01,48.27,20.06,312.03,1035.38,7.94,0
2022-06-09,126.27,2590.2,62.79,20.44,298.37,899.4,11.32,0
2024-08-28,155.06,3119.91,59.3,20.08,295.2,1059.22,10.11,0
2024-01-18,150.12,3038.57,40.35,20.27,308.5,971.72,9.0,0
2025-02-06,177.11,3501.26,48.12,19.63,289.18,899.75,10.55,0
2024-12-02,171.44,3530.58,41.45,20.63,319.15,1054.87,9.04,1
2023-10-23,150.01,3091.23,47.13,20.7,311.52,1083.19,8.95,0
2025-01-20,183.39,3699.84,60.49,20.19,290.67,1038.61,10.85,0
2022-12-06,148.26,3145.02,56.69,21.25,297.8,1081.11,10.58,1
2022-11-26,137.31,2645.52,51.06,19.25,304.26,1057.24,11.34,1
2022-05-14,139.68,2670.99,56.44,19.05,288.39,1028.45,7.37,0
2023-09-30,138.51,2681.01,60.31,19.38,285.73,1045.93,7.42,0
2022-06-17,131.43,2588.84,55.42,19.81,307.33,1037.51,7.46,0
2025-09-03,176.0,3457.13,40.5,19.65,300.72,979.77,7.64,0
2024-07-16,163.83,3411.36,46.01,20.84,297.87,1060.62,7.46,0
2024-05-10,164.37,3377.05,42.35,20.53,293.74,997.51,13.52,0
2024-10-17,155.62,3161.52,52.61,20.3,296.42,967.74,11.66,0
2022-01-25,125.42,2462.31,37.77,19.89,308.12,1049.53,8.19,0
2024-03-17,175.08,3478.63,43.68,19.91,300.41,1166.74,7.93,0
2025-09-19,174.91,3463.69,61.9,19.94,295.71,1000.51,11.2,0
2023-03-20,159.19,3128.13,39.61,19.57,318.19,1113.06,10.65,0
2022-05-31,140.6,2682.03,51.25,18.89,301.21,1040.57,7.96,0
2025-06-12,179.86,3547.33,42.41,19.66,296.97,933.55,10.65,0
2022-04-05,143.88,2832.95,55.47,19.66,283.28,1109.35,10.95,0
2025-07-25,178.59,3603.46,62.39,20.14,309.54,964.8,8.65,0
2022-08-06,128.9,2641.97,58.76,20.4,291.92,1038.37,9.08,0
2023-01-17,141.09,2852.33,37.49,20.27,296.32,1024.93,8.63,0
2024-11-13,172.31,3285.98,36.24,18.97,314.22,966.84,10.68,0
2024-02-20,167.4,3315.53,50.89,19.75,294.5,1076.06,10.3,0
2024-06-19,162.43,3238.17,51.84,19.95,299.73,1030.75,9.34,0
2025-10-12,183.04,3492.47,53.39,19.18,294.16,1049.07,10.88,0
2024-05-14,174.95,3490.56,37.43,19.78,309.51,1002.3,10.11,0
2022-10-20,124.02,2318.9,37.11,18.88,299.71,913.19,7.46,0
2023-12-14,153.93,3029.55,37.33,19.67,297.83,938.03,8.73,1
2022-04-11,143.21,2881.48,51.58,20.09,297.53,1141.4,11.29,0
2024-11-15,162.72,3253.54,54.82,19.98,295.86,985.59,12.51,0
2024-02-23,167.4,3389.12,58.93,20.43,308.32,964.46,10.55,0
2025-07-08,184.78,3557.0,36.56,19.39,310.57,1092.62,10.29,0
2023-05-05,151.35,2879.79,63.92,19.07,300.05,938.81,9.63,0
2023-12-02,158.38,3204.7,56.05,20.1,288.13,1002.07,10.44,1
2025-05-25,191.11,3879.09,56.76,20.22,298.39,,13.04,0
2024-01-21,159.01,3211.94,45.38,20.02,293.14,1117.0,10.33,0
2024-08-20,162.38,3158.63,55.05,19.5,304.32,1145.75,8.59,0
2024-10-09,159.06,3183.4,50.43,19.94,295.66,1037.76,10.78,0
2022-08-31,121.44,2546.43,56.59,20.93,297.78,1061.02,7.47,0
2022-06-18,131.69,2688.22,42.9,20.34,293.79,1067.89,10.48,0
2022-03-15,131.58,2680.04,61.89,20.3,293.99,1037.94,9.63,0
2023-07-14,143.08,2839.51,40.46,19.81,281.91,973.14,8.74,0
2025-06-21,185.93,3655.18,55.43,19.7,306.09,1037.3,11.07,0
2025-12-07,193.87,3976.33,41.33,20.47,295.94,1085.0,12.64,1
2025-05-05,192.48,3895.97,35.4,20.27,302.29,1145.13,9.51,0
2022-04-29,131.86,2649.14,51.65,19.89,298.96,924.67,10.19,0
2023-06-05,160.49,3190.45,50.31,19.84,300.85,1103.31,11.21,0
2023-12-15,160.57,3138.52,42.05,19.45,295.13,1006.66,12.36,1
2024-09-19,159.14,3073.14,52.83,19.32,286.3,993.86,10.23,0
2022-01-06,115.1,2447.47,57.49,21.06,309.29,973.83,7.91,0
2022-09-12,128.03,2608.85,44.48,20.35,283.59,1064.77,8.58,0
2024-12-29,184.91,3704.96,54.33,19.87,290.05,1098.68,11.36,1
2024-11-04,163.58,3370.14,45.24,20.53,290.91,1066.57,8.31,0
2023-01-19,135.89,2785.92,37.43,20.45,312.84,904.62,8.8,0
2025-01-07,173.46,3407.97,50.5,19.61,300.63,1104.91,8.16,0
2023-06-01,151.15,3008.5,62.02,19.99,284.66,995.77,10.56,0
2022-02-24,127.29,2495.65,45.64,19.56,299.97,947.62,11.15,0
2023-04-13,149.29,3107.88,49.72,20.83,307.31,856.79,9.13,0
2022-09-24,126.95,2587.3,50.73,20.32,312.97,1031.41,8.84,0
2024-10-30,160.37,3030.89,57.3,19.01,289.86,995.83,9.99,0
2023-08-07,156.21,3006.78,65.42,19.28,298.24,1092.75,10.39,0
2024-02-06,169.57,3245.12,47.75,19.27,315.26,1085.93,10.9,0
2023-06-22,139.2,2802.89,42.2,20.33,286.5,1022.31,9.97,0
2025-10-17,178.55,3477.36,60.16,19.55,312.39,993.78,10.97,0
2022-03-01,137.3,2859.58,52.8,20.98,305.16,1099.03,10.36,0
2025-02-04,188.07,3628.66,42.95,19.33,302.76,1079.42,10.82,0
2022-06-16,127.04,2556.67,52.03,20.12,295.9,954.39,8.44,0
2025-04-30,190.04,3727.24,56.24,19.65,294.03,1014.82,10.42,0
2024-03-26,172.05,3550.45,51.23,20.76,291.04,1041.84,11.53,0
2022-11-28,144.74,2810.56,47.59,19.55,303.88,1119.32,8.03,1
2022-09-05,130.6,2556.27,56.68,19.56,303.98,1061.54,7.09,0
2023-01-09,143.71,2794.74,58.86,19.36,287.08,1065.19,8.47,0
2025-03-01,187.15,3691.36,55.05,19.71,279.96,994.74,9.71,0
2023-05-15,155.89,3063.51,35.65,19.59,297.06,1072.42,9.48,0
2025-03-04,191.0,3838.83,49.03,20.09,299.1,1140.73,9.4,0
2025-02-07,179.91,3634.43,42.32,20.12,294.77,991.49,10.37,0
2023-09-29,142.54,2796.82,63.63,19.79,291.71,1004.28,9.62,0
2023-09-09,139.2,2832.13,48.47,20.48,292.1,1004.85,10.58,0
2025-02-01,180.22,3543.54,42.16,19.68,308.83,1039.15,9.64,0
2023-07-21,139.57,2882.32,32.38,20.71,302.06,980.74,11.47,0
2022-08-23,121.27,2471.88,51.21,20.29,284.97,962.18,8.27,0
2023-09-19,143.5,2788.37,37.62,19.45,300.94,1059.15,10.92,0
2023-03-07,152.99,3008.67,52.74,19.52,302.57,1044.75,7.58,0
2024-10-07,162.62,3475.68,47.93,21.34,305.33,1122.31,10.8,0
2025-12-21,203.64,4071.34,60.2,19.93,293.45,1143.53,12.63,1
2022-07-11,136.26,2677.16,61.71,19.69,290.27,1097.39,8.47,0
2025-02-14,173.93,3568.91,48.51,20.46,294.29,951.68,9.2,0
2023-03-12,156.23,3135.24,50.37,20.11,279.23,1127.95,10.54,0
2024-04-16,171.89,3453.18,50.32,20.07,294.06,1027.01,9.28,0
2025-04-21,198.77,3967.77,56.0,19.9,303.2,1184.41,11.66,0
2024-10-13,160.22,3246.08,39.31,20.36,290.29,1106.46,8.22,0
2022-07-04,128.44,2644.63,56.31,20.56,299.85,1073.88,9.82,0
2023-11-19,151.13,3052.66,42.25,20.18,303.98,1049.19,11.5,0
2023-10-01,143.42,2893.57,53.5,20.11,296.69,1075.94,9.84,0
2023-07-24,151.48,3016.49,46.16,19.93,301.19,1146.52,12.93,0
2024-07-22,168.2,3270.38,44.88,19.58,292.62,1053.5,11.99,0
2023-06-18,151.83,3074.87,34.0,20.36,305.85,1132.25,9.22,0
2025-10-06,178.26,3610.81,47.85,20.27,286.06,1103.01,8.42,0
2025-03-31,196.2,3821.66,54.7,19.46,316.14,1132.68,12.41,0
2024-01-13,162.23,3154.62,36.93,19.48,311.86,1002.2,9.02,0
2022-07-16,130.27,2677.94,43.5,20.53,298.68,1068.07,9.05,0
2025-12-27,195.95,3940.54,51.69,20.27,294.16,1017.7,9.32,1
2023-05-11,148.8,2929.48,52.69,19.54,293.25,936.91,8.46,0
2023-08-15,141.6,2874.94,38.1,20.22,287.04,1006.31,10.84,0
2024-07-25,163.51,3149.44,54.4,,288.05,987.14,9.89,0
2024-11-07,153.78,3129.99,38.2,20.26,307.09,945.46,9.16,0
2024-09-06,155.78,3200.49,46.37,20.48,296.75,977.03,8.47,0
2023-01-16,148.15,2905.59,37.14,19.64,301.3,1123.08,10.53,0
2022-01-28,124.49,2382.75,46.0,19.17,296.69,947.52,11.58,0
2023-01-31,147.07,3093.47,56.31,21.04,286.11,1035.95,10.48,0
2022-11-17,129.62,2567.97,41.82,19.58,289.99,978.58,9.9,0
2022-05-28,133.54,2692.28,37.52,20.13,310.63,1036.74,7.73,0
2024-03-08,172.55,3254.67,49.34,18.74,292.89,985.67,9.6,0
2023-09-16,141.01,2801.21,46.78,19.78,308.35,1079.36,9.61,0
2022-08-27,128.46,2576.07,42.62,20.07,291.66,1103.15,10.47,0
2024-10-06,156.46,3254.11,39.89,20.65,311.64,1098.57,10.73,0
2024-06-29,160.73,3163.89,57.12,19.78,306.22,1008.97,10.11,0
2024-06-14,159.91,3144.01,44.58,19.64,291.26,942.09,5.19,0
2025-07-07,191.52,3568.31,44.84,18.6,302.71,1141.62,9.91,0
2022-04-17,141.83,2808.58,57.35,19.99,304.55,1108.48,9.37,0
2022-12-17,134.89,2729.92,42.89,20.06,305.29,1053.25,8.65,1
2023-10-13,135.92,2765.05,50.58,20.15,301.92,999.46,11.6,0
2023-01-25,135.58,2603.5,45.04,19.25,305.17,1027.14,9.81,0
2024-10-01,169.65,3311.67,55.57,19.87,313.37,1018.67,9.77,0
2025-01-22,179.54,3530.18,59.66,19.62,289.39,1041.14,9.67,0
2023-07-09,155.58,3059.07,53.77,19.71,298.26,1154.76,10.32,0
2025-10-15,177.23,3467.76,52.85,19.6,296.88,1032.63,12.76,0
2022-06-20,136.01,2712.45,36.89,20.05,299.43,1068.86,11.16,0
2025-04-19,185.44,3593.78,57.68,19.45,302.32,936.57,11.28,0
2022-11-03,131.0,2535.61,65.9,19.54,312.28,955.41,4.5,0
2023-02-20,151.36,2928.26,37.6,19.38,291.11,1026.06,9.33,0
2025-11-28,189.2,3713.63,40.42,19.63,303.11,1013.92,11.03,1
2025-05-30,184.25,3668.38,43.88,19.84,306.52,940.12,8.93,0
2023-03-05,155.99,3069.95,65.24,19.78,301.59,1038.17,9.68,0
2022-07-06,122.77,2549.55,61.88,20.88,310.31,1015.36,7.75,0
2024-10-02,155.44,2989.76,51.97,19.21,310.77,953.64,8.58,0
2024-06-27,161.98,3265.7,63.17,20.1,303.49,990.81,8.69,0
2022-09-27,123.29,2520.87,,20.4,306.75,1075.39,7.82,0
2024-05-17,169.27,3385.44,45.79,20.06,314.29,935.46,10.39,0
2023-09-23,134.97,2725.08,41.54,20.12,302.08,1023.72,10.07,0
2024-08-08,154.56,3129.77,40.13,20.22,293.42,1001.85,11.35,0
2022-06-12,138.71,2691.89,61.67,19.52,303.59,,8.72,0
2023-02-18,143.57,2939.69,46.44,20.52,285.48,1056.6,8.95,0
2025-07-15,185.73,3745.37,64.54,20.3,286.37,1033.59,10.05,0
2022-04-06,140.13,2787.59,51.34,19.88,275.01,950.58,8.45,0
2022-04-09,137.92,2750.49,59.97,19.89,302.5,1059.41,8.92,0
2024-10-27,164.34,3205.13,57.37,19.51,313.1,1143.49,10.4,0
2024-05-26,177.81,3525.2,56.92,19.8,286.43,1188.99,10.69,0
2024-03-28,164.29,3397.95,64.39,20.66,285.44,960.29,10.43,0
2024-04-02,173.88,3293.71,,19.12,298.73,1121.7,9.08,0
2022-07-27,127.72,2555.11,46.69,19.85,304.0,978.1,9.09,0
2024-09-01,163.79,3203.85,49.85,19.64,300.75,1066.23,11.28,0
2023-11-18,148.93,2919.83,41.37,19.67,299.51,1044.66,9.44,0
2024-05-22,169.12,3431.56,47.17,20.34,295.34,957.67,11.91,0
2022-09-03,125.53,2525.0,56.99,20.27,308.95,1089.43,9.18,0
2022-08-18,120.92,2495.51,45.97,20.63,300.26,1016.46,7.99,0
2024-06-25,174.21,3264.91,52.71,,314.7,1113.3,11.0,0
2022-01-09,130.82,2632.86,57.6,19.96,309.92,1141.42,6.59,0
2024-06-15,161.18,3227.74,41.73,20.06,290.01,1036.54,11.32,0
2025-09-24,176.79,3525.01,56.48,19.93,300.03,1025.14,9.48,0
2025-10-23,178.56,3552.67,54.04,19.95,299.83,977.56,13.17,0
2024-05-15,168.07,3204.54,39.4,19.08,302.69,1029.59,9.39,0
2025-06-05,173.66,3582.69,44.66,20.59,291.73,926.43,9.79,0
2024-03-02,169.46,3301.93,58.47,19.42,284.73,1068.76,11.47,0
2024-10-19,165.41,3234.08,53.95,19.69,302.23,1043.41,9.67,0
2022-07-09,127.22,2589.63,51.94,20.23,300.77,1073.91,7.55,0
2022-09-18,125.39,2460.98,36.71,19.68,293.38,1147.47,6.7,0
2022-05-25,132.9,2658.96,41.79,20.11,318.14,1029.27,8.68,0
2024-04-08,173.99,3648.37,42.02,20.96,301.19,1068.47,12.42,0
2023-11-30,149.75,2977.83,64.57,19.83,287.06,979.1,10.35,1
2024-07-08,175.78,3394.07,43.54,19.22,293.27,1147.14,11.38,0
2025-09-16,186.2,3731.45,54.55,19.84,288.8,1134.83,10.74,0
2024-07-26,160.65,3191.53,63.49,19.87,292.36,997.17,9.61,0
2024-11-01,154.91,3054.94,57.87,19.67,290.56,960.94,9.75,0
2025-08-14,173.41,3431.72,54.73,19.91,306.66,952.06,9.79,0
2024-06-09,173.82,3490.68,45.44,20.03,294.86,1126.86,11.41,0
2023-08-18,140.1,2807.85,45.68,19.89,287.62,978.63,8.62,0
2023-06-16,145.57,2938.41,32.18,20.26,294.16,912.32,10.21,0
2024-06-13,170.85,3367.19,47.4,19.71,290.09,909.42,10.22,0
2025-11-26,188.94,3642.91,40.17,19.3,298.51,1105.54,10.13,1
2025-02-25,185.02,3767.5,46.66,20.41,296.66,1065.63,11.76,0
2022-02-27,127.69,2519.5,42.58,19.81,294.73,1042.33,10.1,0
2024-11-23,176.15,3499.94,65.81,19.91,287.23,1028.57,8.7,1
2022-10-10,133.99,2791.54,63.81,,298.99,1122.73,10.0,0
2024-07-23,170.66,3227.27,59.63,18.93,284.02,1073.59,8.96,0
2022-12-29,141.6,2748.29,53.52,19.35,295.33,953.42,8.67,1
2022-09-01,114.87,2378.34,60.21,20.55,295.96,943.48,9.33,0
2022-04-03,145.12,2798.96,50.56,19.45,291.8,1123.55,9.52,0
2025-05-19,192.94,4034.6,53.41,20.96,295.55,1107.68,11.56,0
2022-12-04,144.78,3009.91,58.34,20.65,302.15,1149.5,8.81,1
2024-10-10,151.78,3118.96,36.61,20.51,295.86,960.88,8.56,0
2024-08-05,164.01,3264.38,42.47,19.93,312.45,1090.42,7.66,0
2025-01-14,177.14,3631.51,57.49,20.5,293.97,1065.55,9.62,0
2022-07-10,129.88,2568.97,56.43,19.91,298.19,1084.31,8.3,0
2022-02-09,125.38,2455.4,60.49,19.82,293.88,1063.9,8.22,0
2024-09-02,161.51,3141.04,40.55,19.56,296.26,1038.15,9.47,0
2023-09-27,139.76,2869.91,52.37,20.46,296.23,1088.87,8.85,0
2024-02-04,165.73,3378.35,57.83,20.31,322.52,1100.35,9.54,0
2023-12-25,170.41,3194.88,59.59,18.72,299.79,1084.47,8.16,1
2025-02-02,190.81,3767.84,43.8,19.76,300.27,1126.73,11.61,0
2022-03-05,124.49,2452.52,49.9,19.85,300.71,1004.79,7.19,0
2022-08-22,127.09,2510.58,36.8,19.66,283.74,1153.27,7.93,0
2023-11-08,139.39,2927.63,42.37,21.11,294.41,982.23,8.58,0
2022-04-16,132.62,2657.21,52.02,20.03,310.7,1076.86,10.24,0
2024-01-24,160.37,3093.05,61.15,19.32,293.97,1033.39,10.03,0
2024-06-21,159.43,3280.33,54.21,20.66,300.68,997.46,7.91,0
2022-09-11,130.23,2614.89,59.23,20.0,289.01,1130.86,7.87,0
2023-02-27,154.54,3113.34,52.82,20.15,298.91,1056.42,7.7,0
2024-02-14,158.44,3297.35,43.6,20.78,288.96,1116.9,11.35,0
2025-05-17,189.27,3782.69,53.63,19.95,301.24,940.76,12.72,0
2024-05-08,160.21,3193.48,41.36,20.05,294.4,964.68,9.78,0
2024-07-13,168.56,3327.36,46.46,19.7,314.15,1003.11,10.94,0
2022-03-21,139.42,2721.17,32.63,19.6,292.37,1137.82,8.88,0
2024-09-16,165.21,3194.85,48.06,19.24,303.78,1072.59,11.02,0
2025-01-11,171.11,3461.93,45.63,20.26,317.2,,11.34,0
2023-05-13,151.94,3091.44,44.98,20.42,290.33,1075.74,8.6,0
2025-11-06,168.48,3392.56,37.56,20.06,313.4,882.16,9.92,0
2022-03-29,133.82,2752.57,45.77,20.79,303.65,1084.25,7.45,0
2022-03-06,143.85,2902.66,61.49,20.22,306.87,1115.74,8.71,0
2023-08-29,148.93,2905.1,68.04,19.51,320.41,1096.85,9.87,0
2022-10-02,131.78,2525.09,52.52,19.14,296.67,1066.92,7.24,0
2025-12-24,193.96,3845.56,67.08,19.79,297.4,942.76,11.01,1
2025-08-02,180.99,3600.31,44.94,19.92,310.61,1049.22,10.42,0
2025-10-20,185.36,3740.94,60.11,20.18,304.97,1119.51,10.42,0
2022-06-03,127.68,2528.99,57.04,19.71,304.44,991.75,8.09,0
2023-09-06,144.26,2781.65,48.44,19.27,303.09,1032.5,8.5,0
2023-02-15,143.56,2947.8,44.9,20.4,309.54,1011.78,10.11,0
2024-04-10,168.47,3502.98,34.62,20.88,307.52,1008.96,9.91,0
2024-07-01,171.4,3533.7,57.12,20.59,289.48,1116.93,7.69,0
2023-06-02,152.14,2973.31,55.06,19.47,295.28,965.82,8.97,0
2022-02-14,127.26,2574.09,44.69,20.21,309.72,1079.97,10.52,0
2023-01-26,137.54,2799.35,45.51,20.32,312.52,959.19,10.87,0
2022-08-09,133.3,2589.59,70.23,19.5,299.41,1143.37,8.05,0
2022-05-21,139.04,2868.25,42.48,20.55,299.44,1116.98,10.97,0
2022-12-24,141.51,2818.41,42.68,19.92,296.85,1054.9,8.44,1
2023-12-24,170.42,3457.82,47.33,20.33,299.84,1108.47,10.18,1
2025-03-03,187.84,3733.42,57.19,19.79,291.69,1191.32,11.19,0
2022-09-19,131.88,2641.05,40.19,19.9,300.49,1135.64,8.53,0
2024-06-17,167.25,3428.84,51.97,20.55,292.9,1145.93,9.06,0
2025-01-08,176.36,3373.46,39.36,19.15,304.56,1002.14,9.54,0
2022-07-15,127.41,2526.98,51.93,19.85,287.47,956.34,10.89,0
2022-04-26,142.75,2826.83,42.85,19.84,293.02,982.2,8.77,0
2024-12-11,173.38,3470.78,38.87,19.9,290.08,954.93,10.32,1
2024-12-09,188.45,3645.52,33.64,19.44,293.7,1079.76,11.63,1
2023-12-20,157.7,3208.85,44.11,20.49,292.32,1020.65,8.59,1
2025-11-15,181.46,3541.98,54.21,19.64,282.43,1033.04,9.48,0
2025-04-23,188.68,3935.46,52.93,20.74,303.24,997.48,11.24,0
2025-07-31,175.86,3556.44,45.89,20.18,306.52,961.45,10.54,0
2022-12-25,157.54,3063.43,47.55,19.39,290.13,1120.42,10.52,1
2024-11-26,175.86,3616.21,62.52,20.71,318.91,1063.09,10.7,1
2024-10-16,160.92,3104.06,50.04,19.27,304.91,1026.7,9.91,0
2024-09-27,164.98,3398.49,65.66,20.51,297.92,1057.36,10.91,0
2024-07-24,162.24,3112.63,56.15,19.14,295.55,1002.46,10.12,0
2024-01-25,152.62,3024.46,52.68,19.72,292.83,993.31,8.39,0
2023-02-25,147.79,3025.76,60.3,20.65,293.84,1019.93,7.72,0
2022-05-30,141.97,2773.89,49.41,19.49,312.69,1137.55,7.99,0
2022-01-10,127.36,2537.67,62.22,20.09,299.74,1140.75,7.48,0
2024-12-05,174.06,3598.01,44.3,20.58,299.64,1025.63,10.0,1
2025-01-24,176.22,3496.04,64.76,19.93,302.12,995.88,11.02,0
2025-10-26,181.14,3523.99,50.25,19.58,285.63,1088.51,9.02,0
2023-06-19,153.97,3211.84,37.23,20.82,298.92,1092.75,9.19,0
2023-07-03,147.02,3050.98,61.8,20.77,304.15,1039.78,10.06,0
2022-10-26,122.26,2575.86,50.0,21.01,289.0,982.23,7.65,0
2024-09-03,167.34,3298.71,45.66,19.84,294.97,1060.24,11.67,0
2022-05-03,143.42,2801.02,61.08,19.54,308.99,1098.75,7.9,0
2025-11-22,192.24,3781.92,62.79,19.76,308.62,1097.32,14.56,1
2025-03-05,182.98,3614.11,40.94,19.79,293.34,1047.0,11.68,0
2025-10-06,178.26,3610.81,47.85,20.27,286.06,1103.01,8.42,0
2023-12-11,162.1,3243.16,51.05,20.0,298.67,1063.16,9.41,1
2025-08-23,184.53,3659.47,66.31,19.78,301.26,1068.97,9.13,0
2024-02-09,168.55,3281.32,51.63,19.51,307.51,999.48,7.57,0
2022-03-30,131.98,2766.42,43.28,20.98,304.14,1051.27,8.55,0
2025-10-28,184.16,3580.66,41.19,19.42,293.32,1095.58,9.82,0
2024-10-29,167.36,3360.45,57.87,20.09,291.81,1106.79,8.4,0
2022-04-08,134.54,2717.0,61.25,20.38,296.84,938.67,8.9,0
2025-12-10,192.98,3779.9,51.6,19.49,292.58,961.97,13.25,1
2022-12-15,135.05,2696.75,40.53,19.97,303.41,952.43,9.63,1
2023-05-25,147.04,3005.24,43.77,20.63,310.55,934.24,9.55,0
2022-07-31,136.5,2737.53,57.76,20.06,306.5,1108.43,11.23,0
2023-12-05,156.13,3296.08,47.03,21.12,300.78,1071.65,9.31,1
2024-01-17,155.17,3215.72,43.5,20.63,306.76,1004.0,8.24,0
2024-11-11,166.38,3448.24,45.76,20.79,296.66,1083.75,8.18,0
2024-07-28,167.25,3320.79,56.69,19.93,292.79,1151.27,9.17,0
2025-11-05,172.51,3539.61,45.47,20.36,304.04,1079.35,9.13,0
2025-12-26,196.25,3865.61,41.2,19.71,304.25,921.3,12.05,1
2025-09-10,172.52,3492.38,39.1,20.27,303.91,998.29,10.01,0
2023-04-24,157.98,3222.99,61.33,20.43,298.25,1094.01,12.87,0
2023-05-07,159.61,3152.55,64.83,19.85,292.54,1090.09,8.18,0
2024-04-21,178.24,3582.7,55.45,20.06,307.41,1224.34,11.1,0
2024-12-06,174.19,3472.48,41.11,19.85,288.15,926.01,9.98,1
2022-12-31,147.11,2986.59,60.88,20.18,305.63,1005.26,9.36,1
2022-10-24,128.49,2675.1,47.07,20.77,287.98,1125.7,8.24,0
2022-02-19,125.67,2456.95,33.75,19.54,302.06,1036.07,10.34,0
2022-08-13,127.81,2640.96,49.72,20.48,303.36,1059.35,6.37,0
2025-05-28,179.76,3537.77,48.99,19.61,311.24,1017.6,9.87,0
2025-11-21,190.42,3669.0,61.35,19.37,311.69,1059.29,10.26,1
2024-04-30,175.18,3559.26,55.54,20.23,295.31,1068.87,9.79,0
2023-10-10,140.29,2849.71,45.66,20.36,311.9,1021.79,8.88,0
2025-05-10,181.01,3657.01,40.69,20.19,307.43,1068.5,9.37,0
2023-07-17,151.09,3005.08,44.41,19.87,298.64,1155.13,10.5,0
2023-09-15,135.67,2633.61,49.46,19.3,312.96,926.06,9.24,0
2025-12-31,194.62,4035.28,40.65,20.79,296.0,912.85,10.29,1
2024-12-23,190.19,3797.61,61.14,20.02,310.27,1187.52,12.59,1
2024-03-15,166.27,3435.19,38.32,20.69,310.59,976.66,10.49,0
2023-08-28,141.66,2832.93,59.5,20.16,306.42,1128.37,10.19,0
2025-06-23,188.08,3773.28,65.69,20.1,304.05,1125.31,10.47,0
2023-03-19,151.02,3013.6,29.72,19.93,300.45,1095.97,9.88,0
2025-12-02,189.81,3962.52,44.57,20.79,287.49,972.95,10.94,1
2024-10-21,166.24,3459.19,66.07,20.73,310.83,1176.86,9.84,0
2023-06-24,148.77,2949.22,45.04,19.73,308.91,1059.52,11.37,0
2024-02-07,169.1,3164.33,54.79,18.77,305.56,1100.15,9.33,0
2024-02-02,159.08,3207.14,68.68,20.14,308.32,997.34,10.88,0
2024-05-18,173.49,3527.68,49.23,20.34,308.22,1017.84,9.26,0
2023-11-21,161.74,3291.33,50.14,20.42,303.14,1099.21,9.0,1
2022-07-07,122.82,2554.51,59.58,20.87,295.25,945.81,7.96,0
2023-02-11,143.91,2952.61,42.58,20.45,301.06,1027.26,7.72,0
2024-10-08,165.19,3334.88,41.48,20.17,302.09,1011.45,9.73,0
2025-03-18,190.0,3712.04,54.59,19.64,302.71,1020.34,8.84,0
2024-01-22,168.62,3383.78,45.32,19.96,302.45,1050.96,10.15,0
2024-11-16,161.72,3271.58,46.87,20.22,302.09,1023.69,11.0,0
2023-04-07,155.41,2998.4,57.61,19.35,308.63,1030.19,12.78,0
2023-11-02,142.95,2806.04,64.89,19.62,313.82,963.07,9.67,0
2023-10-18,140.95,2741.68,41.64,19.42,288.17,1063.55,8.47,0
2024-02-25,174.34,3462.97,64.06,19.86,316.11,1083.15,8.97,0
2024-12-19,170.76,3657.95,66.26,21.36,310.03,986.76,9.42,1
2023-12-16,159.63,3334.79,40.3,20.84,290.36,987.37,10.96,1
2025-09-12,174.25,3485.2,44.15,19.96,291.85,965.16,8.82,0
2023-03-01,151.76,3112.19,60.66,20.6,305.9,1039.91,9.75,0
2022-02-13,132.25,2676.11,52.56,20.15,304.92,1118.61,7.89,0
2023-10-24,145.02,2960.71,49.34,20.48,295.13,1107.31,10.59,0
2023-09-28,136.84,2821.16,50.39,20.66,292.74,968.53,6.74,0
2023-06-13,156.64,3112.76,45.42,19.69,301.84,1124.06,9.37,0
2024-09-14,156.74,3090.68,48.51,19.69,302.05,989.12,10.67,0
2022-08-07,131.56,2576.59,57.52,19.61,300.38,1146.06,9.49,0
2024-03-31,174.96,3419.91,56.07,19.51,301.93,1138.24,11.31,0
2024-06-04,176.18,3585.81,59.23,20.3,296.19,1028.66,11.01,0
2025-11-13,178.41,3479.42,56.35,19.38,298.14,962.84,10.53,0
2024-05-05,171.34,3513.78,47.15,20.55,284.63,1107.46,9.97,0
2023-09-02,141.74,2874.12,66.99,20.39,313.62,1049.0,8.85,0
2023-05-01,159.81,3182.96,51.55,,308.76,1125.11,9.93,0
2025-02-23,192.53,3946.96,55.28,20.48,298.24,1159.39,9.45,0
2024-10-14,171.06,3267.61,41.7,19.07,288.89,1063.85,12.3,0
2024-12-21,178.78,3474.75,60.81,19.45,304.22,1035.58,10.84,1
2022-03-23,128.8,2600.66,42.27,20.18,313.8,975.91,8.48,0
2022-11-21,141.34,2810.08,35.46,19.81,310.26,1087.0,9.71,1
2024-12-16,177.2,3528.1,48.26,19.89,300.11,1086.68,8.57,1
2022-01-20,111.61,2311.37,35.51,20.68,294.73,915.24,8.92,0
2023-03-31,148.43,2972.83,54.78,,290.71,950.93,7.9,0
2025-01-15,173.28,3478.2,49.05,19.91,293.09,1087.83,10.55,0
2024-04-18,170.38,3251.33,50.85,19.01,297.23,963.23,9.55,0
2024-01-29,170.85,3453.04,55.65,20.29,288.58,1143.97,11.32,0
2025-09-02,177.05,3653.79,42.14,20.59,304.56,1044.27,7.95,0
2022-02-04,120.75,2525.91,61.54,21.02,297.98,908.71,10.08,0
2024-03-19,171.27,3342.4,52.21,19.48,309.85,1074.83,8.62,0
2025-03-08,186.97,3855.27,33.11,20.56,312.57,959.64,12.29,0
2024-06-23,170.26,3475.61,58.39,20.4,300.55,1163.79,10.52,0
2024-03-11,170.1,3481.14,46.03,20.55,290.17,1129.52,7.73,0
2022-04-07,130.5,2510.73,60.99,19.29,289.68,1012.95,9.6,0
2025-01-12,181.45,3751.56,38.86,20.56,311.28,1077.19,9.17,0
2023-03-23,147.17,2837.75,44.4,19.16,310.01,915.5,9.8,0
2023-04-20,153.87,2936.42,48.71,19.01,295.43,998.93,8.49,0
2023-01-02,147.04,3084.94,60.63,20.96,303.84,1130.41,6.99,0
2025-11-17,194.2,3919.11,59.8,20.12,280.01,1099.86,11.06,0
2024-01-31,160.57,3230.26,55.78,20.23,301.07,993.62,9.93,0
2024-07-07,168.68,3342.84,41.89,19.89,291.61,1083.55,10.6,0
2024-01-30,167.94,3404.28,63.01,20.34,295.17,1126.48,8.98,0
2023-01-28,142.41,2921.62,47.47,20.37,293.13,1069.28,7.58,0
2025-07-19,186.08,3739.7,58.17,20.08,289.11,1060.92,10.12,0
2023-05-22,164.28,3324.89,39.61,20.33,310.27,1135.12,9.71,0
2023-03-11,149.04,2983.79,59.59,19.85,292.86,1012.7,10.21,0
2023-10-11,141.91,2923.32,42.97,20.73,302.92,1049.84,7.59,0
2024-07-31,163.19,3305.44,59.13,20.38,302.47,1012.23,9.42,0
2025-05-16,187.08,3687.46,45.23,19.77,293.05,953.2,11.38,0
2025-09-05,177.93,3532.96,46.01,19.74,309.43,885.93,10.63,0
2025-12-20,195.08,3845.37,59.62,19.79,299.2,1003.57,10.07,1
2022-05-13,134.96,2761.37,50.57,20.58,305.71,941.39,8.98,0
2024-12-10,185.27,3576.67,45.47,19.39,279.92,1059.99,10.84,1
2024-08-30,151.36,3063.39,60.08,20.15,292.94,1021.31,10.48,0
2025-06-16,182.23,3798.22,56.76,20.98,301.83,1053.69,11.1,0
2023-03-27,152.63,3266.56,49.69,21.28,308.71,1142.53,9.73,0
2022-02-01,128.63,2619.77,61.34,20.26,306.65,1091.8,8.82,0
2022-05-02,142.55,2735.5,47.53,19.2,303.82,1107.46,8.88,0
2025-05-20,190.19,3974.23,66.86,20.92,289.14,1103.81,10.32,0
2025-10-07,170.76,3639.88,40.29,21.25,292.76,1046.2,8.77,0
2025-08-19,182.26,3424.98,54.81,18.99,310.57,1154.51,10.12,0
2025-01-17,173.88,3495.26,58.42,20.2,290.44,933.16,10.33,0
2025-09-11,174.38,3549.47,46.8,20.34,299.33,1000.36,11.17,0
2025-09-09,177.51,3703.02,48.79,20.85,312.05,1067.95,11.0,0
2022-09-13,121.81,2535.82,47.58,20.62,288.99,992.08,6.82,0
2024-06-11,174.34,3326.04,45.39,18.97,287.71,1102.36,12.72,0
2022-12-26,156.39,3059.42,43.78,19.56,297.71,1113.09,10.76,1
2022-02-21,139.2,2690.96,38.56,19.32,309.45,1086.72,9.54,0
2024-05-25,173.22,3504.72,67.63,20.2,293.27,989.03,6.31,0
2024-07-27,163.3,3278.69,61.16,20.03,292.59,1001.0,11.51,0
2024-02-12,171.25,3533.78,43.22,20.75,300.53,1112.13,11.5,0
2025-01-31,172.89,3475.83,49.43,20.14,306.98,971.33,10.09,0
2025-05-04,192.42,3936.47,53.29,20.49,307.36,1096.63,8.68,0
2023-11-11,148.37,2951.08,48.93,20.07,293.21,1025.73,9.74,0
2024-03-16,169.77,3266.11,39.79,19.29,314.42,995.12,8.94,0
2022-05-05,133.68,2653.91,60.37,19.89,314.56,980.92,7.14,0
2023-02-09,138.49,2607.05,49.83,18.94,307.59,935.84,8.1,0
2024-01-01,161.45,3340.67,59.64,20.58,302.67,1069.54,12.23,0
2025-08-04,179.13,3483.76,44.58,19.54,300.55,1182.1,8.58,0
2024-04-11,166.17,3393.43,35.9,20.43,294.84,965.14,8.89,0
2024-12-07,172.21,3499.92,42.87,20.22,302.03,1073.34,8.53,1
2023-12-27,167.31,3168.6,57.74,18.94,309.28,968.53,9.52,1
2023-08-11,132.04,2597.29,41.68,19.65,303.27,1031.95,7.53,0
2023-08-31,137.54,2887.84,53.72,20.96,300.16,881.01,8.87,0
2023-03-10,149.19,2939.3,57.66,19.75,292.53,1036.39,9.73,0
2023-11-06,141.68,2830.13,45.04,20.16,286.55,1114.81,7.19,0
2025-07-11,178.38,3539.99,46.66,19.94,299.72,1074.68,12.67,0
2022-12-27,146.14,2864.66,52.6,19.54,287.09,1093.38,10.15,1
2025-01-04,177.76,3482.64,44.3,19.59,288.99,1038.75,11.96,0
2023-04-12,150.75,3072.2,50.99,20.37,312.78,1025.26,9.28,0
2022-10-27,122.97,2582.64,51.07,21.05,302.07,1021.7,9.06,0
2023-05-09,152.97,3093.82,49.76,20.25,292.65,1020.92,9.76,0
2023-06-12,155.24,3010.33,46.17,19.35,303.99,1094.2,10.43,0
2025-04-07,184.74,3852.94,37.05,20.8,305.08,1029.34,11.99,0
